Носов Куприян Иосипович,1994-05-19,Елисеева Пелагея Игоревна,1993-11-03,2015-08-16,8
Третьяков Парфен Игоревич,1971-09-11,Карпова Евпраксия Матвеевна,2000-02-14,2018-02-24,9
Нестеров Борислав Вилорович,1991-06-20,Силина Евфросиния Рубеновна,1969-02-07,2017-04-24,7
Никонов Владлен Андреевич,1972-07-27,Гусева Дарья Тимуровна,1979-11-13,2002-11-25,2
Бирюков Соломон Бориславович,1989-12-11,Крюкова Людмила Олеговна,1963-07-23,2013-07-12,9
Сергеев Лазарь Харитонович,1984-05-13,Волкова Акулина Руслановна,2000-05-06,2020-05-23,8
Шаров Савелий Фролович,1997-06-06,Шубина Майя Васильевна,1995-05-21,2019-09-13,9
Фадеев Мефодий Гордеевич,1969-06-18,Брагина Татьяна Аскольдовна,1997-03-24,2015-09-10,1
Тимофеев Лев Тарасович,1997-11-21,Авдеева София Алексеевна,1981-12-27,2018-02-03,3
Яковлев Эммануил Даниилович,1993-10-19,Жукова Валентина Валериевна,1973-04-04,2019-01-03,2
Громов Варлаам Игнатович,1995-07-09,Самсонова Оксана Аркадьевна,1998-07-04,2016-07-02,5
Егоров Леон Трофимович,1988-11-05,Сидорова Евгения Максимовна,1987-09-01,2018-06-01,5
Галкин Лукьян Андреевич,1993-02-17,Волкова Нонна Вениаминовна,1992-09-07,2019-08-11,2
Мухин Азарий Александрович,1968-01-01,Абрамова Ульяна Леоновна,2000-01-21,2019-02-12,8
Мамонтов Климент Фролович,1994-08-26,Сорокина Ульяна Рудольфовна,1993-01-24,2018-05-20,5
Смирнов Тихон Ефремович,1982-11-04,Щербакова Феврония Кузьминична,1980-12-16,2017-10-01,8
Фомичев Соломон Чеславович,1993-05-25,Шарова Нина Леонидовна,1986-06-08,2016-09-06,1
Овчинников Роман Иларионович,1974-09-15,Тимофеева Надежда Богдановна,1966-06-20,2015-09-02,8
Анисимов Натан Аксёнович,1968-01-16,Яковлева Евдокия Сергеевна,1987-09-15,2009-08-14,10
Анисимов Виктор Иларионович,1987-03-01,Антонова Нонна Васильевна,1966-11-08,2017-07-18,8
Мишин Фрол Гавриилович,1978-08-09,Лапина Марфа Альбертовна,1979-04-06,2009-04-24,10
Капустин Игнатий Ильясович,1964-01-19,Исакова Фаина Рудольфовна,1972-07-15,2000-03-11,1
Горбунов Селиван Всеволодович,1974-11-02,Ермакова Таисия Юльевна,1966-03-14,1999-10-26,7
Баранов Любим Елизарович,1984-11-18,Лобанова Вероника Леонидовна,1991-02-06,2013-05-19,3
Нестеров Устин Брониславович,1969-04-05,Титова Василиса Захаровна,1993-03-14,2020-08-19,9
Ильин Эмиль Гаврилович,1962-02-15,Савина Варвара Викторовна,1966-08-24,2002-10-13,5
Мясников Сильвестр Ильясович,1972-12-04,Денисова Глафира Феликсовна,1971-10-15,2013-06-02,6
Самсонов Григорий Авдеевич,2000-01-01,Горбунова Анжела Аскольдовна,1995-03-21,2020-07-09,7
Игнатов Богдан Владиленович,1980-06-05,Коновалова Юлия Борисовна,1960-04-18,2016-03-20,8
Шашков Вацлав Гертрудович,1986-10-21,Куликова Екатерина Евгеньевна,1968-11-04,2006-06-05,5
Селезнев Филарет Афанасьевич,1962-11-14,Титова Фаина Матвеевна,1988-08-09,2017-05-23,6
Степанов Станимир Харлампьевич,1980-09-27,Гущина Жанна Борисовна,1981-04-26,2008-01-16,10
Назаров Адриан Евсеевич,1982-07-07,Юдина Валерия Харитоновна,1994-04-03,2015-03-15,10
Нестеров Олимпий Исидорович,1992-01-01,Герасимова Полина Георгиевна,1971-06-07,2019-06-23,5
Якушев Феликс Валерьевич,1987-08-13,Маслова София Руслановна,1980-12-18,2009-07-10,6
Никонов Онуфрий Владиславович,1994-03-14,Кулакова Кира Валериевна,1995-03-16,2018-09-24,4
Ситников Святополк Измаилович,1995-02-01,Селиверстова Лора Васильевна,1987-03-22,2018-08-22,2
Ефимов Викторин Еремеевич,1997-08-09,Игнатьева Тамара Артемовна,1991-12-01,2017-02-12,8
Баранов Степан Адамович,1998-11-25,Филиппова Марфа Владиславовна,1961-12-15,2016-09-18,7
Константинов Галактион Марсович,1997-12-09,Лыткина Элеонора Архиповна,1978-12-05,2016-10-05,2
Анисимов Артемий Тарасович,1968-03-01,Громова Валерия Валентиновна,1965-01-27,1991-01-09,9
Щербаков Платон Архипович,1997-07-14,Шубина Нонна Евгеньевна,1976-07-10,2019-12-23,10
Аксенов Лука Аксёнович,1985-01-03,Веселова Марфа Игоревна,2000-05-04,2019-09-15,3
Беспалов Варлаам Марсович,1979-01-11,Волкова Валерия Сергеевна,2000-04-14,2018-04-13,1
Коновалов Исидор Бенедиктович,1965-08-06,Фокина Фёкла Артемовна,1980-09-04,2012-08-24,3
Кузьмин Руслан Геннадиевич,1999-10-28,Моисеева Феврония Владимировна,1965-03-12,2017-10-24,8
Горбачев Кир Георгиевич,1979-06-02,Калинина Александра Владиславовна,1978-09-17,2005-06-23,10
Кулаков Остап Денисович,1968-09-15,Большакова Милица Алексеевна,1961-09-05,2007-10-02,9
Миронов Чеслав Абрамович,1985-08-25,Мясникова Фёкла Вадимовна,1999-04-02,2019-10-06,2
Зайцев Илья Венедиктович,1971-04-01,Крюкова Лора Тарасовна,1991-01-19,2019-05-27,7
Соловьев Назар Гурьевич,1971-03-21,Романова Полина Павловна,1984-06-19,2002-11-02,9
Бобылев Софрон Александрович,1979-09-03,Фомичева Елизавета Георгиевна,1987-05-21,2007-09-13,1
Гущин Еремей Ермолаевич,1987-08-26,Дорофеева Нина Ивановна,1997-05-10,2015-10-01,3
Попов Олег Исидорович,1987-02-11,Абрамова Клавдия Анатольевна,1982-12-06,2017-06-11,2
Журавлев Боян Давыдович,1977-07-22,Соловьева Агафья Филипповна,1981-10-12,2009-03-25,1
Рожков Савватий Измаилович,1968-12-13,Никонова Пелагея Захаровна,1962-01-17,2014-03-16,1
Дементьев Степан Гертрудович,1997-10-27,Калашникова Татьяна Геннадиевна,1977-09-04,2018-07-16,8
Копылов Мартын Владиславович,1989-08-11,Сафонова Жанна Андреевна,1985-09-04,2009-12-24,2
Трофимов Пахом Ермилович,1980-07-18,Савельева Тамара Рудольфовна,1992-08-10,2015-07-07,6
Иванов Владислав Артёмович,1961-12-14,Лукина Елена Викторовна,1968-04-09,2018-10-09,4
Федотов Аполлинарий Артемьевич,1978-01-16,Исакова Марфа Геннадиевна,1977-07-04,2004-07-17,6
Блохин Венедикт Витальевич,1961-02-12,Анисимова Зинаида Руслановна,1998-02-03,2017-07-22,1
Кононов Парфен Георгиевич,1987-11-01,Игнатьева Жанна Леоновна,1989-01-19,2009-02-08,1
Воробьев Христофор Васильевич,1971-07-15,Белякова Анастасия Альбертовна,1988-12-11,2014-04-03,6
Прохоров Богдан Зиновьевич,1987-07-25,Мартынова Лидия Захаровна,1991-12-23,2019-06-19,6
Никонов Христофор Федотович,1972-06-01,Селезнева Оксана Никифоровна,1962-09-03,1996-12-28,10
Евдокимов Всеволод Феликсович,1967-05-18,Кудряшова Тамара Вячеславовна,1988-12-24,2006-09-22,9
Рябов Самуил Ефимьевич,1962-08-25,Журавлева Нина Николаевна,1981-08-25,2006-07-07,1
Фомичев Светозар Брониславович,1999-12-15,Лазарева Анжела Ивановна,1975-02-02,2017-07-17,1
Гущин Эраст Ярославович,1978-05-28,Борисова Прасковья Артемовна,1971-10-25,2004-11-18,6
Мясников Каллистрат Артёмович,1984-10-04,Зиновьева Зоя Андреевна,1968-07-16,2009-08-25,3
Беляев Архип Эдгарович,1977-04-22,Турова Фаина Игоревна,1968-08-24,1998-10-20,4
Колесников Леонид Игоревич,1989-01-03,Павлова Ия Валентиновна,1986-08-26,2017-04-12,8
Рябов Милий Феоктистович,1965-12-18,Елисеева Милица Дмитриевна,1996-11-05,2018-10-04,9
Симонов Григорий Ефстафьевич,1984-03-27,Харитонова Юлия Аркадьевна,1967-10-01,2012-01-08,6
Кононов Христофор Даниилович,1965-02-21,Терентьева Агафья Макаровна,1997-07-27,2016-10-20,7
Ефремов Всеслав Брониславович,1964-07-23,Ильина Полина Алексеевна,2000-06-09,2019-08-09,8
Кузнецов Софрон Игнатович,1980-05-25,Одинцова Глафира Ефимовна,1997-08-10,2016-02-08,10
Сысоев Евлампий Филиппович,1973-03-16,Гришина Евфросиния Леонидовна,1965-08-25,2009-11-18,3
Доронин Эрнст Аверьянович,1973-09-04,Зайцева Евпраксия Архиповна,1981-01-04,2012-08-01,6
Яковлев Измаил Тимурович,1989-04-21,Тарасова Жанна Рудольфовна,1966-04-15,2007-08-09,1
Бобылев Авдей Якубович,1966-09-16,Кулагина Элеонора Натановна,1999-02-15,2018-06-11,10
Евсеев Антип Эдгардович,1978-07-12,Суханова Евгения Артемовна,1992-12-21,2014-12-26,8
Тарасов Эрнест Антонович,1973-09-08,Рыбакова Алла Борисовна,1960-12-12,2003-12-23,1
Михеев Никодим Ерофеевич,1965-08-20,Николаева Агата Николаевна,1973-01-07,2018-08-19,9
Белоусов Бажен Матвеевич,1960-01-06,Овчинникова Прасковья Владимировна,1982-03-05,2008-08-13,5
Лобанов Любим Демьянович,1964-07-04,Голубева Елена Афанасьевна,1981-01-27,2018-08-13,2
Максимов Измаил Гордеевич,1998-03-15,Бобылева Ирина Кузьминична,1979-04-04,2018-03-15,10
Журавлев Порфирий Владиславович,1999-11-06,Лаврентьева Наталья Григорьевна,1981-03-08,2020-07-01,10
Федосеев Егор Демидович,1965-08-19,Ильина Вера Руслановна,1971-11-18,2007-03-18,4
Петров Аристарх Филатович,1966-12-14,Дементьева Василиса Феликсовна,1987-05-10,2010-02-08,1
Гуляев Радован Трифонович,1996-10-19,Абрамова Ирина Ивановна,1967-11-03,2017-02-25,9
Мамонтов Радислав Давидович,1964-03-17,Фролова Синклитикия Дмитриевна,1986-06-24,2019-02-26,2
Емельянов Давыд Ефимович,1964-11-01,Воронцова Лора Анатольевна,1987-05-11,2016-08-18,6
Зайцев Севастьян Ефремович,1972-03-03,Самсонова Антонина Харитоновна,1973-03-26,1998-11-02,1
Козлов Флорентин Васильевич,1997-03-11,Одинцова Нина Кузьминична,1977-03-26,2016-11-14,7
Денисов Антонин Вячеславович,1982-03-23,Сидорова Иванна Архиповна,1989-01-15,2020-07-26,10
Ершов Авксентий Власович,1963-07-28,Игнатьева Зинаида Вениаминовна,1991-05-14,2020-04-26,8
Медведев Болеслав Феодосьевич,1997-11-08,Турова Синклитикия Геннадиевна,1985-09-13,2019-11-04,7
Корнилов Роман Терентьевич,1968-11-07,Кондратьева Евгения Ждановна,1960-06-20,1996-05-16,5
Жуков Трофим Гурьевич,1982-01-04,Третьякова Зоя Мироновна,1967-12-24,2008-04-10,1
Ковалев Олимпий Анатольевич,1990-04-06,Сорокина Валерия Константиновна,1996-05-09,2020-09-08,8
Селезнев Кирилл Августович,1961-11-01,Шарапова Лидия Ильинична,1966-12-01,1997-05-26,8
Моисеев Серафим Германович,1966-06-21,Назарова Ольга Мироновна,1980-04-12,2018-05-24,3
Харитонов Ефрем Елизарович,1995-04-02,Рябова Нонна Харитоновна,1988-11-18,2019-01-25,1
Лыткин Мстислав Юлианович,1972-02-03,Овчинникова Агафья Валериевна,1988-08-17,2018-05-18,3
Соколов Валентин Алексеевич,1997-12-11,Козлова Акулина Владиславовна,1976-04-23,2018-06-07,5
Ковалев Аполлон Давыдович,1996-10-26,Жукова Марфа Болеславовна,1970-01-14,2016-10-27,6
Дементьев Милован Тихонович,1995-01-18,Гаврилова Синклитикия Кирилловна,1973-04-24,2016-12-11,2
Тетерин Михей Викентьевич,1981-11-24,Шарова Василиса Павловна,1990-01-19,2009-01-09,8
Калинин Феоктист Денисович,1981-04-13,Капустина Елизавета Эдуардовна,1990-06-16,2014-07-04,10
Сидоров Климент Вячеславович,1988-09-02,Иванова Вера Леонидовна,1963-10-12,2011-10-21,1
Соболев Ипполит Жоресович,1980-11-23,Андреева Тамара Тимофеевна,2000-11-09,2020-03-03,6
Агафонов Валентин Гавриилович,1999-03-25,Сафонова Агафья Вадимовна,1962-08-13,2020-10-17,8
Шашков Олимпий Трифонович,1995-09-17,Фомина Милица Святославовна,1964-01-24,2015-05-03,2
Бобылев Бронислав Феоктистович,1985-07-04,Власова Алла Вячеславовна,1998-12-24,2017-02-07,8
Мишин Евграф Марсович,1986-06-23,Костина Раиса Эдуардовна,1984-07-08,2013-01-16,3
Меркушев Алексей Давыдович,1971-08-19,Бирюкова Василиса Афанасьевна,1965-02-02,1994-01-13,3
Колобов Варфоломей Абрамович,1991-09-24,Овчинникова Светлана Валериевна,1999-07-11,2018-03-28,2
Маслов Онуфрий Артемьевич,1979-04-20,Сергеева Евгения Алексеевна,1963-11-04,1999-01-05,1
Соловьев Ким Александрович,1975-05-14,Миронова Маргарита Аркадьевна,1986-04-06,2010-07-15,4
Зайцев Андроник Ааронович,1980-08-03,Ермакова Лора Леоновна,1987-08-24,2017-09-13,8
Евсеев Мирослав Феофанович,1960-01-18,Гордеева Татьяна Борисовна,1965-03-23,2008-01-23,10
Петров Георгий Бенедиктович,1975-02-03,Кудрявцева Глафира Юрьевна,1989-08-16,2015-10-18,10
Евдокимов Савелий Бориславович,1985-02-21,Макарова Фаина Петровна,1997-02-13,2019-10-10,1
Калинин Гремислав Жанович,1978-07-19,Молчанова Алла Ефимовна,1993-02-20,2020-01-14,10
Крюков Андроник Брониславович,1971-08-12,Воронцова Александра Рубеновна,1985-08-18,2016-06-13,9
Беляев Соломон Давидович,1999-01-01,Сафонова Ангелина Филипповна,1988-06-05,2020-11-12,5
Яковлев Тимофей Теймуразович,1976-09-14,Вишнякова Зоя Станиславовна,1968-12-17,1997-01-23,1
Потапов Милован Германович,2000-09-03,Волкова Марина Артемовна,1971-09-04,2020-09-14,6
Кабанов Аполлинарий Вячеславович,1978-06-13,Игнатьева Оксана Владимировна,1986-11-05,2014-09-19,9
Кузнецов Тарас Владиленович,1984-11-19,Комарова Марфа Кузьминична,1962-12-03,2006-09-25,7
Волков Сильвестр Брониславович,1989-06-02,Гаврилова Марина Константиновна,1995-11-22,2017-04-11,4
Борисов Савватий Демьянович,1998-11-17,Гуляева Раиса Николаевна,1974-09-25,2016-07-26,8
Сысоев Милий Устинович,1991-03-08,Никифорова Ия Леонидовна,1982-04-01,2014-02-10,9
Муравьев Гремислав Гавриилович,1963-06-21,Николаева Жанна Юрьевна,1977-01-14,2014-11-03,1
Шашков Глеб Тихонович,1963-09-15,Лазарева Октябрина Андреевна,1988-06-19,2018-11-04,6
Ширяев Анатолий Александрович,1991-08-15,Гордеева Алла Даниловна,1997-09-25,2017-07-16,4
Шубин Артемий Федосьевич,1985-12-13,Лыткина Лукия Евгеньевна,1978-03-22,2007-07-26,6
Никитин Семен Тарасович,1978-05-19,Стрелкова Вероника Макаровна,1981-08-09,2005-09-17,2
Жуков Гаврила Харламович,1977-05-15,Павлова Евпраксия Рубеновна,1990-10-20,2015-08-07,10
Киселев Святослав Юльевич,1961-10-08,Фомичева Ираида Ефимовна,1976-11-17,2005-10-25,8
Мясников Мартьян Ильясович,1983-04-01,Громова Нонна Наумовна,1986-07-01,2012-09-21,6
Лукин Денис Григорьевич,1984-01-04,Лихачева Ия Георгиевна,1970-07-25,2019-05-23,8
Орлов Константин Ильясович,1972-05-25,Воронцова Синклитикия Вениаминовна,1988-11-24,2016-11-25,8
Зиновьев Юлий Исидорович,1982-02-19,Калинина Екатерина Дмитриевна,1987-02-03,2008-05-18,2
Соловьев Софон Марсович,1984-10-22,Устинова Иванна Даниловна,1993-11-05,2013-05-01,1
Миронов Каллистрат Арсенович,1964-10-17,Мартынова Антонина Георгиевна,1995-06-09,2019-10-04,3
Степанов Антип Федосьевич,1997-04-14,Шилова Евдокия Вадимовна,1992-10-08,2015-04-15,7
Кудрявцев Никанор Антонович,1969-05-14,Дмитриева Вера Тимофеевна,1985-07-17,2014-03-11,1
Сорокин Ферапонт Матвеевич,1979-09-01,Силина Полина Леоновна,1987-02-06,2009-03-06,7
Фокин Макар Владиленович,1981-09-24,Жданова Вера Александровна,1996-10-14,2018-12-06,6
Рожков Елизар Игоревич,1996-07-08,Ершова Екатерина Дмитриевна,1980-07-14,2019-06-18,5
Матвеев Владимир Анатольевич,1988-11-12,Кабанова Анастасия Антоновна,1994-11-14,2012-05-11,1
Осипов Пантелеймон Власович,1970-12-08,Кириллова Валентина Георгиевна,1979-03-03,2005-07-02,3
Богданов Харитон Фёдорович,1976-12-10,Ларионова Майя Семеновна,1978-01-13,2013-12-21,9
Воронов Ким Ярославович,1985-03-25,Павлова Людмила Валериевна,1971-10-27,2006-08-14,1
Кошелев Антонин Бенедиктович,1960-06-05,Григорьева Юлия Алексеевна,1984-08-11,2015-10-17,7
Симонов Иван Гаврилович,1991-11-16,Кириллова Марфа Леонидовна,1994-08-16,2013-02-08,8
Панов Богдан Терентьевич,1961-12-24,Дьячкова Нина Артемовна,1989-10-20,2014-11-18,10
Рыбаков Ипатий Власович,1991-07-10,Хохлова Ксения Егоровна,1961-05-24,2018-09-28,9
Беляков Егор Борисович,1975-04-20,Ларионова Иванна Оскаровна,2000-11-09,2018-04-22,10
Быков Прохор Валентинович,1981-06-03,Евсеева Эмилия Александровна,1960-11-08,2020-09-26,1
Третьяков Феофан Ааронович,1961-01-11,Николаева Ия Максимовна,1980-01-16,2009-04-27,6
Фомин Кузьма Артурович,1971-02-09,Ситникова Лора Владимировна,1990-05-27,2016-05-25,1
Фомин Панфил Иосипович,1983-02-01,Дементьева Кира Леонидовна,1963-09-28,2003-10-10,3
Бобылев Ратмир Трифонович,1971-08-11,Медведева Людмила Вячеславовна,1983-01-24,2009-03-20,7
Мишин Вадим Всеволодович,1988-05-20,Нестерова Ульяна Юльевна,1966-09-28,2012-07-17,4
Филатов Иннокентий Валентинович,1996-10-21,Кошелева Александра Тимофеевна,1962-05-05,2015-02-02,2
Михайлов Сидор Викентьевич,1999-08-21,Козлова Эмилия Николаевна,1994-05-23,2019-04-05,2
Александров Исай Жоресович,1965-04-24,Стрелкова Ираида Даниловна,1967-04-04,2013-12-26,8
Пономарев Панкратий Ануфриевич,1968-11-25,Королева Валерия Тимуровна,1967-01-24,2011-02-01,4
Савин Боян Изотович,1985-03-12,Муравьева Ия Алексеевна,1980-08-18,2018-09-02,3
Антонов Ананий Дмитриевич,1967-12-20,Дорофеева Надежда Мироновна,1963-01-27,2017-07-03,8
Филиппов Изот Игнатьевич,1999-01-09,Бобылева Ксения Матвеевна,1972-11-17,2018-04-08,7
Шестаков Исай Всеволодович,1963-06-20,Елисеева Наталья Тарасовна,1980-04-16,2014-12-19,1
Смирнов Добромысл Игоревич,1984-04-08,Фадеева Александра Рудольфовна,2000-06-18,2019-03-22,6
Авдеев Бажен Артурович,1973-05-25,Рябова Фаина Леонидовна,1964-12-10,2006-11-13,3
Устинов Евсей Тихонович,1961-03-04,Логинова Евфросиния Руслановна,1996-11-07,2015-04-05,3
Пестов Филарет Владленович,1970-06-23,Григорьева Алевтина Матвеевна,2000-02-15,2018-08-27,3
Моисеев Ян Архипович,1976-12-19,Беспалова Алина Вениаминовна,1998-10-24,2016-12-04,6
Алексеев Епифан Венедиктович,1995-08-16,Овчинникова Екатерина Робертовна,1972-07-09,2015-07-15,3
Васильев Спартак Ефремович,1971-07-18,Зайцева Анжела Святославовна,1983-07-25,2006-03-20,8
Субботин Мартьян Фокич,1975-02-05,Фокина Наталья Альбертовна,1969-10-05,2008-01-14,8
Бирюков Ратибор Игоревич,1984-05-27,Молчанова Елизавета Тимуровна,1998-01-08,2016-11-20,3
Тихонов Остромир Эдуардович,1965-07-13,Смирнова Марина Макаровна,1985-06-28,2015-07-18,5
Шаров Флорентин Всеволодович,1962-08-08,Никитина Иванна Васильевна,1960-11-13,1995-08-06,10
Константинов Владилен Ануфриевич,1968-06-10,Мясникова Анжелика Тимофеевна,1992-08-01,2014-07-26,5
Муравьев Мечислав Филимонович,1969-01-25,Афанасьева Мария Евгеньевна,1997-11-06,2015-12-01,6
Игнатьев Изот Тарасович,1976-10-27,Кулагина Ксения Степановна,1981-11-27,2009-08-11,1
Аксенов Елисей Борисович,1976-04-08,Шестакова Валентина Александровна,1982-03-07,2008-01-15,6
Медведев Епифан Феоктистович,1962-06-24,Кудрявцева Лидия Викторовна,1981-08-19,2011-03-08,9
Богданов Станимир Демидович,1991-03-19,Рожкова Элеонора Ждановна,1963-01-14,2019-11-16,3
Пономарев Глеб Вячеславович,1997-03-19,Наумова Вероника Леоновна,1988-07-15,2015-05-03,10
Молчанов Пимен Анисимович,1996-05-15,Суханова Евгения Вячеславовна,1988-07-11,2015-02-01,6
Артемьев Конон Эдгардович,1968-04-18,Пахомова Ульяна Ильинична,1986-11-25,2005-11-14,3
Филиппов Светозар Егорович,1986-02-21,Мухина Милица Геннадиевна,1981-07-18,2005-07-20,2
Воронов Станимир Вилорович,1985-07-21,Агафонова Дарья Ефимовна,1986-07-01,2008-03-16,2
Стрелков Радован Анатольевич,1981-10-22,Маслова Вероника Харитоновна,1974-02-07,2017-04-08,3
Елисеев Софон Абрамович,1977-05-17,Григорьева Лукия Матвеевна,1960-11-26,2020-12-27,6
Киселев Виталий Игнатьевич,1982-06-04,Харитонова Галина Кузьминична,1995-09-12,2015-12-19,10
Филиппов Максим Давыдович,1991-12-15,Назарова Людмила Михайловна,1985-12-20,2011-10-15,7
Прохоров Иосиф Матвеевич,1972-09-13,Игнатьева Марина Олеговна,1992-05-25,2012-06-24,9
Савельев Спиридон Валерианович,1965-08-01,Федорова Регина Матвеевна,1992-06-19,2010-09-16,5
Сорокин Анисим Аверьянович,1985-12-25,Казакова Наина Архиповна,1977-10-01,2008-01-16,6
Елисеев Владислав Валентинович,1983-11-19,Мясникова Валентина Николаевна,1990-10-01,2014-02-03,4
Фомин Вацлав Всеволодович,1981-10-20,Киселева Алевтина Алексеевна,1983-12-02,2020-10-11,2
Гусев Трифон Матвеевич,1984-04-02,Соколова Ангелина Геннадьевна,1968-09-28,2005-09-06,1
Панфилов Ираклий Давидович,1969-09-25,Сергеева Лора Станиславовна,1999-07-22,2020-11-18,4
Костин Устин Архипович,2000-08-18,Крюкова Ираида Федоровна,1981-02-26,2018-05-19,2
Иванов Тимофей Иларионович,1990-11-02,Боброва Ираида Наумовна,1965-12-24,2018-09-23,9
Семенов Владислав Власович,1999-09-19,Некрасова Ангелина Романовна,1983-04-12,2017-07-08,8
Карпов Трофим Иосифович,1980-05-01,Федорова Анжела Сергеевна,1973-06-26,2001-07-13,4
Орлов Аким Терентьевич,1987-06-06,Афанасьева Наталья Федоровна,1964-04-01,2008-06-24,10
Тихонов Пантелеймон Анисимович,1988-09-03,Красильникова Прасковья Васильевна,1966-12-18,2017-04-08,6
Буров Ладимир Антипович,1991-07-23,Белоусова Ия Аскольдовна,1979-11-15,2018-06-18,10
Соловьев Кузьма Елизарович,1960-07-20,Попова Евпраксия Тимофеевна,1960-10-17,1996-04-27,8
Тимофеев Иосиф Ильясович,1965-05-23,Сафонова Светлана Макаровна,1985-12-19,2019-09-10,8
Фомичев Юрий Артемьевич,1978-11-14,Агафонова Лидия Даниловна,1988-10-26,2008-08-06,5
Щукин Ратибор Ефимьевич,1969-05-02,Мухина Евгения Кирилловна,1987-05-05,2007-03-20,9
Жуков Евдоким Зиновьевич,1996-10-01,Меркушева Зинаида Ниловна,1977-12-14,2017-04-23,8
Шилов Михей Харлампьевич,1988-12-25,Шарапова Ксения Артемовна,1996-02-07,2015-08-20,6
Терентьев Нифонт Артемьевич,1990-10-22,Фролова Евдокия Алексеевна,1962-11-13,2010-09-18,6
Попов Христофор Антипович,1968-01-03,Корнилова Раиса Андреевна,1995-03-10,2019-02-05,3
Уваров Евдоким Феоктистович,1977-05-09,Горшкова Ирина Тимуровна,1983-02-05,2012-10-27,6
Гришин Вадим Егорович,1975-08-17,Савина Синклитикия Вадимовна,1977-09-25,2006-06-20,3
Быков Нифонт Венедиктович,1969-09-25,Ершова Елена Павловна,1960-03-06,1996-10-05,3
Логинов Дементий Виленович,2000-01-04,Ширяева Вероника Тарасовна,1976-11-04,2020-08-13,7
Баранов Леонтий Викентьевич,1969-09-02,Горшкова Лора Аскольдовна,1988-05-28,2015-01-24,4
Блохин Эрнест Валерьянович,1985-05-05,Юдина Тамара Олеговна,1960-01-20,2017-09-28,4
Быков Демид Ермилович,1966-08-26,Капустина Марина Вениаминовна,1991-01-22,2014-03-07,4
Иванов Ювеналий Фадеевич,1968-09-15,Самойлова Валерия Степановна,1973-09-02,2009-07-06,10
Зимин Софрон Алексеевич,1995-09-08,Рогова Раиса Эльдаровна,1966-03-26,2018-01-19,5
Гущин Гаврила Захарьевич,1996-03-24,Фомичева Жанна Владимировна,1961-07-26,2017-11-10,1
Копылов Федосий Евсеевич,2000-07-08,Никонова Галина Ивановна,1980-12-03,2019-09-15,5
Капустин Венедикт Фадеевич,1987-11-18,Горшкова Валентина Макаровна,1973-11-17,2010-07-06,6
Никифоров Аркадий Фёдорович,1993-08-12,Григорьева Надежда Наумовна,1981-04-11,2015-10-15,3
Суханов Изот Адрианович,1983-07-05,Лихачева Нина Яковлевна,1963-06-24,2011-05-25,8
Артемьев Данила Чеславович,1979-02-17,Капустина Прасковья Архиповна,1981-08-11,2003-10-19,4
Муравьев Евдоким Эдуардович,1989-01-11,Максимова Марфа Архиповна,1991-05-25,2010-09-06,4
Авдеев Евграф Феодосьевич,1993-08-18,Вишнякова Ксения Рудольфовна,1978-07-20,2013-11-15,1
Блохин Евгений Жанович,1997-01-16,Ширяева Пелагея Вадимовна,1990-03-25,2015-03-12,5
Максимов Никон Эдгарович,1984-03-08,Кулагина Екатерина Павловна,1981-12-11,2015-07-02,2
Логинов Лазарь Жоресович,1971-07-10,Крюкова Регина Борисовна,1988-04-08,2011-02-13,5
Суворов Роман Федотович,1992-07-14,Смирнова Агата Константиновна,1973-10-25,2013-04-02,9
Шарапов Святослав Филимонович,1961-05-10,Анисимова Ксения Богдановна,2000-12-23,2020-11-04,1
Устинов Варлаам Иларионович,1998-09-26,Кузнецова Вероника Робертовна,1995-12-11,2019-11-05,3
Туров Чеслав Федотович,1981-06-02,Бирюкова Виктория Станиславовна,1982-06-03,2014-04-26,5
Самсонов Аггей Васильевич,1961-03-17,Королева Октябрина Леонидовна,1998-12-16,2017-12-11,2
Мухин Никандр Брониславович,1988-06-09,Белова Анжела Федоровна,1991-10-09,2011-01-28,10
Котов Федот Терентьевич,1999-05-06,Колобова Антонина Болеславовна,1969-05-25,2019-10-10,9
Шарапов Орест Харитонович,1974-05-13,Беляева Октябрина Руслановна,1992-11-08,2013-07-11,9
Рогов Лука Дорофеевич,1960-07-24,Жданова Евфросиния Аркадьевна,1989-12-17,2014-08-10,8
Поляков Лукьян Богданович,1996-10-17,Васильева Синклитикия Филипповна,1973-10-18,2015-04-15,6
Щербаков Лавр Теймуразович,1994-08-19,Исакова Ия Святославовна,1972-11-18,2020-09-27,10
Некрасов Парамон Юлианович,1993-08-10,Дмитриева Зоя Павловна,1965-05-20,2020-05-03,5
Беляев Еремей Гавриилович,1989-06-27,Титова Лидия Кузьминична,1968-11-17,2009-03-18,8
Исаков Александр Антонович,1973-04-06,Петухова Фаина Афанасьевна,1985-01-28,2009-03-28,1
Молчанов Парамон Аксёнович,1998-12-04,Громова Лукия Руслановна,1975-06-27,2018-06-26,5
Шарапов Фадей Давыдович,1989-12-19,Попова Дарья Игоревна,1963-10-06,2014-04-19,8
Поляков Савва Филатович,1971-10-03,Князева Эмилия Геннадиевна,1974-05-07,2016-01-02,1
Михеев Ульян Жанович,1986-01-19,Фомичева Лидия Артемовна,1994-12-14,2014-03-08,5
Давыдов Михаил Демидович,1969-02-13,Богданова Татьяна Леонидовна,1995-07-14,2017-12-11,7
Цветков Ювеналий Глебович,1968-05-01,Колобова Фаина Ниловна,1974-06-08,2014-02-01,1
Гущин Амвросий Давидович,1979-02-14,Дмитриева Раиса Мироновна,1974-11-19,2013-07-21,2
Горбачев Фадей Гордеевич,1993-07-15,Корнилова Варвара Валентиновна,2000-02-23,2019-12-07,10
Евсеев Гаврила Антипович,1970-12-26,Боброва Феврония Альбертовна,1976-12-26,2000-08-20,3
Авдеев Радим Ильич,1973-12-06,Аксенова Анастасия Геннадиевна,1992-05-04,2018-01-28,1
Коновалов Аверьян Григорьевич,1999-01-13,Фокина Евфросиния Святославовна,1967-04-10,2020-05-26,8
Лебедев Эммануил Ефимович,1975-06-03,Жукова Ирина Константиновна,1961-10-04,2003-01-13,8
Игнатов Дмитрий Давыдович,1991-09-15,Самсонова Валентина Альбертовна,1966-06-17,2017-06-22,2
Носов Ладислав Изотович,1972-12-09,Сорокина Марина Ефимовна,1981-11-28,2017-12-10,4
Беспалов Ираклий Давыдович,1985-07-05,Казакова Светлана Геннадиевна,1970-01-08,2013-10-04,7
Антонов Лукьян Игнатьевич,1960-08-17,Суворова Татьяна Робертовна,1987-06-01,2017-02-20,4
Денисов Мартьян Ермолаевич,1986-06-02,Колесникова Наталья Никифоровна,1976-12-21,2015-03-11,1
Назаров Сидор Даниилович,1979-12-24,Белякова Синклитикия Алексеевна,1975-08-12,1999-02-20,4
Казаков Антип Ильясович,1972-03-16,Блинова Прасковья Архиповна,1999-05-18,2018-09-09,8
Кузьмин Доброслав Анатольевич,1988-11-12,Юдина Таисия Ивановна,1961-11-19,2007-01-11,10
Ситников Наркис Трифонович,1990-02-22,Елисеева Евфросиния Натановна,1971-05-19,2017-05-07,6
Тимофеев Аполлинарий Ермилович,1971-03-18,Самсонова Феврония Дмитриевна,1989-06-21,2012-10-10,4
Щукин Софон Августович,1961-09-24,Стрелкова Виктория Ниловна,1967-08-03,2001-02-14,3
Тихонов Ипатий Филимонович,1985-05-05,Ефимова Акулина Аскольдовна,1970-02-12,2018-04-22,8
Владимиров Софон Исидорович,1971-12-12,Сергеева Зинаида Романовна,1973-04-01,2008-01-28,6
Овчинников Максим Давыдович,1962-07-23,Лазарева Марфа Васильевна,1998-06-17,2017-02-12,9
Ларионов Касьян Давыдович,1985-01-08,Игнатьева Клавдия Руслановна,1984-06-06,2013-10-15,2
Костин Арефий Терентьевич,1984-08-24,Журавлева Феврония Валериевна,1962-12-23,2011-03-10,5
Кузнецов Климент Елизарович,1970-10-02,Белоусова Ангелина Тимофеевна,1989-02-22,2020-03-09,2
Медведев Андрон Ефимович,1990-01-02,Селезнева Любовь Станиславовна,1984-08-17,2014-11-18,4
Тихонов Флорентин Ануфриевич,1996-04-19,Котова Феврония Анатольевна,2000-12-19,2019-08-24,7
Мишин Владлен Богданович,1992-09-16,Симонова Зоя Алексеевна,1985-04-14,2020-02-22,6
Соловьев Лукьян Артурович,1987-01-22,Мамонтова Клавдия Яковлевна,1991-02-26,2010-08-27,5
Петухов Анатолий Артурович,1965-10-12,Самсонова Алевтина Егоровна,1997-12-26,2020-01-05,3
Матвеев Мариан Филатович,1982-12-24,Ковалева Анастасия Ниловна,1992-04-08,2018-06-24,10
Логинов Ерофей Фомич,1999-05-12,Калинина Полина Геннадьевна,1983-02-13,2019-09-05,10
Борисов Михей Богданович,1989-02-05,Беляева Ольга Артемовна,1962-08-02,2014-07-24,2
Иванов Святослав Гордеевич,1977-03-09,Мельникова Надежда Тимофеевна,1984-10-16,2008-02-10,2
Кабанов Виктор Тарасович,1970-11-03,Быкова Валерия Робертовна,1987-01-03,2012-02-11,2
Осипов Эммануил Григорьевич,1975-03-08,Зиновьева Валерия Андреевна,1973-09-05,2019-01-15,5
Давыдов Поликарп Антипович,1991-01-09,Максимова Агафья Артемовна,1980-03-12,2012-03-11,2
Ермаков Флорентин Ярославович,1970-07-03,Соловьева Ксения Кузьминична,1978-12-15,2004-05-08,10
Молчанов Еремей Ефстафьевич,1987-10-26,Лыткина Ирина Максимовна,1991-07-15,2020-09-19,9
Муравьев Моисей Богданович,1991-04-12,Федосеева Ксения Матвеевна,1962-09-20,2016-07-13,2
Красильников Афанасий Витальевич,1993-11-10,Колесникова Варвара Антоновна,1968-02-28,2019-02-05,9
Агафонов Федот Афанасьевич,1962-11-04,Ларионова Варвара Игоревна,1982-10-07,2013-08-05,9
Кудряшов Денис Фадеевич,1971-03-17,Чернова Лора Робертовна,1995-03-05,2018-01-01,3
Волков Фрол Игоревич,1991-07-18,Анисимова Зинаида Святославовна,1961-04-16,2014-05-28,7
Игнатьев Богдан Евсеевич,1979-02-03,Прохорова Ия Кузьминична,1961-02-19,2019-03-14,6
Гаврилов Всеслав Харитонович,2000-07-28,Макарова Жанна Георгиевна,1967-10-08,2019-06-06,10
Блинов Онуфрий Димитриевич,1997-05-13,Сазонова Тамара Игоревна,1968-06-10,2016-12-08,2
Соловьев Творимир Виленович,1968-06-22,Доронина Надежда Робертовна,1986-01-03,2017-03-01,5
Субботин Серафим Архипович,1965-07-28,Галкина Елизавета Леонидовна,1978-12-23,2003-09-01,8
Волков Доброслав Елизарович,1996-10-02,Журавлева Наталья Филипповна,1986-12-07,2017-03-17,3
Родионов Соломон Терентьевич,1972-01-25,Дмитриева Октябрина Дмитриевна,1985-02-01,2013-06-10,2
Зуев Игнатий Исидорович,1978-08-28,Горшкова Фёкла Борисовна,1960-09-03,1998-01-28,9
Зуев Мартьян Юльевич,1970-01-15,Максимова Маргарита Яковлевна,1976-07-10,2016-02-05,1
Фадеев Станислав Валерьевич,1972-09-14,Лукина Варвара Натановна,1960-07-25,1994-08-02,1
Горбачев Спартак Ааронович,1988-10-07,Игнатова Милица Львовна,1997-04-26,2018-01-09,4
Гришин Юлиан Анисимович,1995-11-24,Максимова Татьяна Эльдаровна,1977-07-21,2014-10-28,9
Суворов Карл Жанович,1977-06-21,Колесникова Тамара Александровна,1976-05-13,1997-08-11,5
Гущин Кир Фадеевич,1961-02-05,Молчанова Ксения Афанасьевна,1968-01-15,2009-10-25,7
Ершов Мартьян Виленович,1980-10-09,Орлова Нонна Борисовна,1969-06-12,1999-02-17,2
Горбунов Вацлав Евсеевич,1973-06-06,Чернова Ия Кирилловна,1993-04-28,2018-06-15,6
Цветков Ульян Данилович,1967-07-26,Ильина Марина Аркадьевна,1987-07-13,2018-10-03,3
Воробьев Виталий Игнатьевич,1996-03-28,Кириллова Лидия Федоровна,1983-01-18,2017-01-02,10
Никонов Мефодий Феликсович,1978-07-06,Капустина Василиса Никифоровна,1991-04-28,2010-03-08,1
Кабанов Марк Филиппович,1999-04-27,Кудрявцева Раиса Григорьевна,1988-11-17,2020-06-17,9
Зимин Гостомысл Давыдович,1988-02-03,Новикова Варвара Игоревна,1987-04-26,2009-08-08,3
Соколов Гедеон Тихонович,1992-10-09,Сергеева Евфросиния Геннадьевна,1964-11-10,2017-04-27,1
Матвеев Аскольд Бориславович,1984-07-20,Красильникова Милица Семеновна,1981-01-27,2014-09-11,6
Панов Степан Тимурович,1987-06-17,Нестерова Галина Кирилловна,1972-06-02,2016-11-10,7
Панфилов Илья Анисимович,1988-08-27,Костина Зинаида Рудольфовна,1996-12-08,2017-09-13,1
Антонов Фотий Адамович,1992-06-09,Зайцева Элеонора Харитоновна,1992-05-26,2013-05-16,2
Никонов Богдан Тимурович,1980-04-15,Щукина Фаина Анатольевна,1974-06-27,2004-09-09,8
Доронин Гурий Данилович,1990-05-12,Борисова Наталья Игоревна,1992-11-25,2015-05-13,7
Волков Ипат Жанович,1975-10-19,Веселова Надежда Евгеньевна,1992-04-23,2011-11-16,1
Жуков Иларион Фролович,1981-10-06,Жданова Зинаида Сергеевна,1982-06-28,2000-01-25,10
Молчанов Чеслав Дорофеевич,1978-05-13,Корнилова Анжела Михайловна,1969-05-12,2008-11-06,6
Лукин Мефодий Ааронович,1972-06-22,Лобанова Галина Филипповна,1986-05-19,2014-09-20,4
Корнилов Никанор Андреевич,1995-09-19,Доронина Тамара Игоревна,1982-11-06,2017-07-07,9
Соболев Елизар Еремеевич,1970-12-08,Цветкова Элеонора Оскаровна,1974-01-22,2020-09-06,7
Гаврилов Феоктист Жоресович,1966-09-22,Воронова Нина Павловна,1992-04-14,2016-06-10,4
Соболев Якуб Адрианович,1982-11-15,Максимова Агафья Юрьевна,1989-12-23,2012-05-09,4
Сафонов Владилен Александрович,1987-12-23,Субботина Людмила Геннадиевна,1998-03-20,2018-10-17,5
Максимов Силантий Гурьевич,1989-06-06,Цветкова Надежда Эльдаровна,1977-11-19,2010-03-24,2
Макаров Демьян Адрианович,1974-11-20,Савина Клавдия Юльевна,1962-02-02,2008-10-08,10
Быков Никандр Фадеевич,1981-08-19,Жукова Анжела Федоровна,2000-09-05,2019-05-27,4
Кудрявцев Милован Жоресович,1960-09-07,Титова Тамара Васильевна,1987-11-20,2013-02-23,10
Карпов Селиверст Бориславович,1993-12-15,Ситникова Кира Петровна,1964-07-11,2019-09-25,10
Тетерин Родион Марсович,1998-04-16,Харитонова Зинаида Ефимовна,1984-02-24,2019-07-06,9
Смирнов Еремей Августович,1983-01-19,Стрелкова Регина Вадимовна,1967-02-18,2013-11-12,3
Крылов Ульян Якубович,1991-02-13,Полякова Жанна Григорьевна,1980-12-10,2015-04-18,1
Поляков Руслан Тарасович,1966-07-27,Самсонова Елена Вадимовна,1986-02-15,2010-02-25,8
Яковлев Ананий Артемьевич,1961-08-28,Иванова Феврония Аркадьевна,1962-10-15,1997-05-22,10
Кулагин Артем Артемьевич,1964-11-17,Цветкова Ольга Михайловна,1999-05-15,2018-07-27,10
Новиков Родион Брониславович,1975-12-27,Исакова Эмилия Афанасьевна,1967-06-09,1997-02-14,8
Моисеев Ратмир Давидович,1975-05-28,Лихачева Акулина Михайловна,1986-04-23,2009-06-05,3
Александров Нифонт Аверьянович,1970-07-04,Маслова Анжелика Геннадьевна,1992-03-10,2014-10-25,6
Фролов Спартак Денисович,1991-08-14,Копылова Милица Владимировна,1996-04-06,2014-10-09,9
Маслов Герасим Феодосьевич,1967-03-21,Суворова Таисия Петровна,1998-12-17,2019-07-17,1
Ильин Тихон Денисович,1976-07-26,Доронина Ксения Ильинична,1996-04-24,2014-11-15,8
Беспалов Карп Иосипович,1974-12-10,Большакова Нинель Леонидовна,1970-11-06,2003-02-24,1
Андреев Аникей Феликсович,1996-11-19,Щербакова Регина Васильевна,1971-09-27,2019-09-25,9
Игнатов Филимон Федосьевич,1993-08-05,Горшкова Александра Тимуровна,1979-11-01,2019-08-18,2
Воронцов Никандр Августович,1978-07-14,Комарова Маргарита Даниловна,1998-06-21,2017-10-17,1
Голубев Никодим Матвеевич,1965-05-19,Дмитриева Нинель Ниловна,1973-09-14,2010-03-01,9
Соловьев Сильвестр Ефимович,1998-03-26,Силина Ираида Эльдаровна,1978-10-05,2016-02-24,8
Гуляев Казимир Бенедиктович,1985-10-13,Галкина Антонина Васильевна,1965-03-17,2015-02-26,10
Игнатьев Доброслав Ермолаевич,1995-09-23,Лапина Дарья Матвеевна,1979-11-27,2015-09-25,1
Блинов Аггей Феликсович,1995-01-10,Смирнова София Рудольфовна,1994-09-05,2015-11-23,5
Новиков Потап Геннадиевич,1965-04-11,Попова Эмилия Анатольевна,1976-04-05,2015-11-17,3
Игнатов Игнатий Валерьевич,1994-03-13,Терентьева Акулина Романовна,1997-06-03,2020-05-03,3
Власов Назар Федосеевич,1985-02-11,Шарова Василиса Максимовна,1994-02-07,2015-10-17,4
Одинцов Адам Трифонович,1979-08-06,Ершова Евпраксия Николаевна,1985-01-24,2010-10-24,1
Кулаков Сигизмунд Ефимьевич,1995-03-02,Гурьева Феврония Григорьевна,1967-07-16,2016-12-15,7
Матвеев Фома Афанасьевич,1986-05-08,Филиппова Василиса Аркадьевна,1981-01-27,2019-07-13,8
Смирнов Ким Эдуардович,1977-06-22,Терентьева Нонна Евгеньевна,1985-09-09,2018-07-10,6
Фадеев Мартын Антонович,1995-08-09,Сергеева Юлия Алексеевна,1970-11-24,2016-10-05,9
Фадеев Феофан Егорович,1972-01-12,Галкина Оксана Рудольфовна,1968-07-19,1990-01-22,2
Евдокимов Варлаам Еремеевич,1962-01-04,Корнилова Светлана Леоновна,1994-10-22,2014-07-12,10
Фомин Тарас Филатович,1993-03-04,Васильева Иванна Константиновна,1970-12-07,2017-10-14,10
Горшков Сила Эдгардович,1985-01-11,Дорофеева Феврония Антоновна,1977-08-22,2011-01-15,9
Королев Тарас Тихонович,1976-01-21,Осипова Ангелина Антоновна,1970-05-01,1996-10-09,4
Лихачев Моисей Владленович,1979-04-23,Шарова Евпраксия Ниловна,1967-08-17,2000-11-18,5
Константинов Арсений Денисович,2000-01-13,Архипова Алевтина Романовна,1981-05-27,2020-09-04,7
Максимов Лонгин Харитонович,1965-02-21,Назарова Нинель Олеговна,1986-05-12,2015-12-20,4
Бирюков Гурий Эдгардович,1960-08-25,Суханова Татьяна Геннадиевна,1993-10-03,2014-03-26,1
Назаров Соломон Чеславович,1960-04-10,Антонова Любовь Мироновна,1960-12-22,1982-12-12,1
Аксенов Мечислав Брониславович,1963-04-02,Аксенова Алла Эльдаровна,1991-10-18,2015-10-05,10
Ситников Амвросий Владиленович,1971-12-28,Блинова Евгения Афанасьевна,2000-05-15,2020-10-20,7
Ермаков Вацлав Васильевич,1997-10-27,Носова Ираида Владимировна,1979-06-24,2017-07-19,9
Семенов Соломон Адрианович,1968-07-08,Константинова Алевтина Святославовна,1986-12-20,2013-06-22,5
Одинцов Леон Ермилович,1988-04-03,Ситникова Наталья Юльевна,1981-11-16,2020-03-24,8
Богданов Савелий Матвеевич,1997-06-22,Меркушева Надежда Робертовна,1974-08-02,2015-01-04,1
Борисов Никон Абрамович,1998-06-02,Миронова Агафья Артемовна,1967-07-15,2018-07-06,8
Дмитриев Гурий Антонович,1961-09-04,Комарова Дарья Ефимовна,1998-05-24,2019-08-21,3
Никифоров Рюрик Ярославович,1990-03-02,Анисимова Ираида Вадимовна,1977-03-25,2017-01-11,2
Захаров Ипат Теймуразович,1994-05-19,Фролова Лукия Аркадьевна,1977-09-21,2015-05-11,3
Данилов Конон Архипович,1983-10-02,Соколова Ульяна Максимовна,1969-10-09,2011-06-21,2
Карпов Эдуард Вилорович,1999-05-06,Маслова Агата Макаровна,1967-02-14,2017-02-05,5
Макаров Максим Юлианович,1972-11-10,Лукина Евгения Богдановна,1985-01-24,2017-12-11,6
Соболев Савватий Еремеевич,1979-06-28,Копылова Валерия Рудольфовна,2000-03-01,2018-01-19,6
Борисов Петр Викентьевич,1967-12-27,Шилова Евфросиния Филипповна,1968-05-27,1996-04-01,8
Пахомов Константин Эдгарович,1996-01-25,Тихонова Лора Яковлевна,1992-04-14,2017-03-08,4
Голубев Зосима Викентьевич,1981-05-24,Самойлова Клавдия Ефимовна,1972-11-01,2002-04-10,3
Сергеев Твердислав Андреевич,1977-12-02,Турова Клавдия Леонидовна,1999-11-09,2020-02-12,9
Суворов Борис Евсеевич,1999-06-18,Боброва Оксана Тимуровна,1994-01-07,2019-10-12,10
Наумов Твердислав Димитриевич,1980-01-02,Рябова Евпраксия Анатольевна,1979-04-07,2002-12-19,5
Пономарев Вышеслав Харитонович,1990-08-01,Авдеева Людмила Михайловна,1969-09-11,2012-07-21,8
Осипов Панкратий Демьянович,1981-12-21,Гусева Алина Игоревна,1963-08-15,2017-02-05,4
Ермаков Евстигней Венедиктович,1991-10-15,Владимирова Валерия Кузьминична,1972-03-20,2013-05-21,5
Аксенов Прокл Федосьевич,1999-10-27,Елисеева Ия Олеговна,1961-07-06,2018-06-26,7
Корнилов Мартьян Ефремович,1991-10-27,Никитина Анастасия Тимофеевна,1973-05-08,2016-10-13,3
Щукин Викторин Валерианович,1967-06-22,Капустина Синклитикия Евгеньевна,1979-02-07,2014-08-24,5
Меркушев Эрнест Юлианович,1971-10-20,Денисова Синклитикия Альбертовна,1976-03-26,2015-12-26,7
Брагин Никанор Харлампьевич,1979-03-15,Бирюкова Антонина Руслановна,1986-07-02,2004-07-11,1
Максимов Мир Ааронович,2000-09-20,Логинова Анастасия Даниловна,1974-01-25,2020-04-26,9
Елисеев Поликарп Феодосьевич,1996-08-20,Калашникова Алла Александровна,1999-10-04,2018-09-08,5
Муравьев Гремислав Владленович,1978-10-04,Елисеева Евдокия Яковлевна,1981-07-14,2018-07-13,6
Капустин Аскольд Андреевич,1960-01-16,Самсонова Елена Харитоновна,1985-05-18,2019-09-20,10
Беляев Евгений Ярославович,1991-08-09,Русакова Таисия Захаровна,1977-10-20,2019-09-01,6
Савельев Ладислав Трифонович,1990-11-11,Федотова Ираида Богдановна,1988-03-09,2011-12-18,6
Федотов Ермолай Гаврилович,1988-07-22,Лыткина Зинаида Леонидовна,1967-04-11,2020-02-20,8
Макаров Филимон Валерианович,1972-12-12,Панфилова Варвара Кирилловна,1987-12-17,2011-12-11,8
Ковалев Леон Венедиктович,1993-04-01,Тихонова Анжелика Валериевна,1965-08-05,2017-03-18,10
Емельянов Дмитрий Брониславович,1970-01-28,Тимофеева Марфа Артемовна,1987-06-05,2016-05-16,8
Вишняков Илья Филиппович,1980-12-05,Бирюкова Олимпиада Васильевна,1986-12-20,2012-03-13,4
Волков Кир Игнатович,1974-02-21,Романова Людмила Степановна,1982-11-15,2008-07-02,9
Моисеев Трифон Виленович,1987-09-10,Белоусова Александра Юрьевна,1984-12-14,2006-06-08,9
Шашков Тихон Феоктистович,1971-06-25,Рыбакова Анастасия Ефимовна,1977-10-17,1996-06-09,9
Мельников Иван Валерьевич,1992-06-18,Исакова Людмила Максимовна,1986-06-10,2017-09-08,7
Потапов Евгений Абрамович,1960-02-06,Зайцева Валентина Анатольевна,1995-10-04,2018-07-27,5
Исаков Иосиф Игнатьевич,1965-05-18,Прохорова Лора Ивановна,1969-11-28,1993-12-25,7
Калинин Кондрат Эдгардович,1997-11-07,Ершова Александра Натановна,2000-07-11,2019-12-15,3
Некрасов Гордей Изотович,1973-09-23,Козлова Ия Матвеевна,1987-08-08,2005-10-17,1
Овчинников Виталий Евсеевич,1994-11-21,Суханова Алина Ниловна,1987-02-08,2020-02-19,1
Красильников Гедеон Трофимович,1980-05-26,Гусева Фёкла Валериевна,1974-12-17,2019-03-05,5
Исаков Ульян Абрамович,1975-04-28,Шубина Юлия Кирилловна,1980-11-21,2016-02-11,6
Колобов Богдан Тарасович,1998-07-15,Евдокимова Ия Борисовна,1977-08-26,2020-01-23,8
Жуков Эрнст Аверьянович,1969-01-21,Красильникова Ксения Геннадьевна,1985-02-14,2011-12-27,4
Шаров Евстафий Чеславович,1960-09-10,Трофимова Жанна Егоровна,1977-09-21,1997-06-23,9
Беспалов Аверьян Арсеньевич,1960-11-22,Носкова Евфросиния Константиновна,1995-11-11,2018-10-11,8
Васильев Милий Ярославович,1998-07-27,Ковалева София Матвеевна,2000-04-07,2018-01-17,9
Трофимов Максимильян Харлампович,1977-02-23,Сидорова Таисия Захаровна,2000-12-01,2018-05-05,9
Уваров Ростислав Артурович,1993-03-14,Ситникова Зоя Рудольфовна,1979-07-13,2013-09-11,6
Захаров Эрнст Феоктистович,1973-05-08,Исаева Елена Федоровна,1979-04-28,2006-01-03,8
Шестаков Артемий Артемьевич,1961-04-14,Владимирова Жанна Ефимовна,1973-04-16,2017-10-05,1
Мясников Борис Еремеевич,1987-07-27,Киселева Раиса Робертовна,2000-09-11,2018-09-14,3
Дьячков Ипат Борисович,1968-10-24,Беспалова Наина Харитоновна,1962-04-24,2005-07-20,8
Кабанов Макар Игоревич,1986-08-06,Романова Пелагея Харитоновна,1988-09-15,2010-12-16,6
Мишин Сигизмунд Ефстафьевич,1960-01-03,Николаева Вера Сергеевна,1975-03-21,1993-01-28,1
Евдокимов Ярослав Измаилович,1983-07-18,Кондратьева Олимпиада Кирилловна,1996-02-17,2020-08-24,6
Борисов Рубен Ефимович,1981-09-16,Ковалева Виктория Юльевна,1973-04-01,1999-06-10,7
Дементьев Семен Теймуразович,1987-01-17,Дьячкова Раиса Тимуровна,1977-11-23,2005-11-05,8
Гордеев Соломон Эдгарович,1972-05-22,Сысоева София Валентиновна,1999-02-10,2017-06-15,6
Тихонов Леон Эдгарович,1965-02-03,Кудрявцева Ангелина Богдановна,1979-12-14,2018-10-23,5
Быков Геннадий Геннадиевич,1979-11-13,Назарова Майя Николаевна,1992-02-15,2020-09-10,3
Сергеев Боян Эдуардович,1966-06-13,Самойлова Вера Романовна,1979-08-19,2017-01-16,3
Калинин Гремислав Димитриевич,1987-07-26,Пономарева Агата Кузьминична,1998-03-17,2016-01-17,2
Коновалов Лаврентий Егорович,1984-01-13,Медведева Наталья Аскольдовна,1967-04-23,2003-09-03,2
Кулаков Данила Гаврилович,1995-08-10,Хохлова Маргарита Кирилловна,1963-06-20,2018-10-24,8
Мартынов Ираклий Авдеевич,1992-02-21,Князева Маргарита Николаевна,1976-08-25,2015-06-15,3
Соколов Пахом Даниилович,1979-11-28,Степанова Маргарита Львовна,1971-03-18,1997-07-07,6
Костин Максимильян Терентьевич,1965-02-28,Кузьмина Элеонора Алексеевна,1971-06-18,1997-12-03,2
Кудрявцев Святослав Владиленович,1989-12-24,Борисова Варвара Григорьевна,1978-12-06,2016-07-13,2
Пономарев Радислав Антонович,1978-01-24,Турова Екатерина Аркадьевна,1998-11-26,2018-01-09,6
Герасимов Каллистрат Вилорович,1990-01-12,Михеева Ангелина Кирилловна,1978-09-07,2017-08-05,3
Осипов Максимильян Валерьянович,1976-08-12,Елисеева Кира Робертовна,1963-09-25,1999-03-16,10
Анисимов Фирс Евстигнеевич,1987-11-26,Гущина Октябрина Яковлевна,1961-04-23,2018-07-18,8
Дорофеев Эдуард Терентьевич,1992-10-15,Кулагина Милица Евгеньевна,1981-04-15,2014-02-25,3
Григорьев Ефим Абрамович,1978-01-09,Баранова Агафья Евгеньевна,1967-05-04,2001-03-22,2
Михайлов Федосий Глебович,1998-05-20,Копылова Лидия Рудольфовна,1995-02-09,2016-10-23,5
Савельев Любосмысл Гавриилович,1961-09-23,Соколова Лукия Богдановна,1977-02-02,2001-08-23,9
Буров Савелий Ермолаевич,1990-08-15,Зуева Клавдия Семеновна,1969-12-14,2016-04-08,9
Осипов Тимофей Ермилович,1982-02-25,Меркушева Тамара Святославовна,1983-12-18,2013-02-04,7
Соловьев Аверьян Ерофеевич,1966-11-21,Пономарева Глафира Николаевна,1963-07-02,1996-04-24,4
Ларионов Леонид Виленович,1960-09-06,Шилова Кира Кузьминична,1979-07-17,2004-09-01,5
Веселов Иван Валерианович,1972-09-07,Чернова Вера Васильевна,1998-08-01,2016-06-13,2
Буров Ян Иларионович,1972-11-24,Киселева Евпраксия Матвеевна,1971-04-12,1994-07-21,6
Дорофеев Денис Фролович,1996-05-03,Доронина Феврония Евгеньевна,1967-11-02,2014-10-09,6
Зимин Борис Артурович,1963-09-11,Беспалова Ия Анатольевна,1960-01-17,2007-11-11,5
Щербаков Юлий Эдуардович,1986-08-01,Лихачева Александра Леонидовна,1985-01-21,2020-02-08,8
Корнилов Устин Тимурович,1980-03-26,Лазарева Валентина Святославовна,1996-08-22,2019-05-18,7
Третьяков Влас Григорьевич,1972-01-23,Петрова Ангелина Павловна,1986-10-22,2012-10-16,3
Субботин Аникита Филимонович,1981-09-21,Кабанова Олимпиада Евгеньевна,1997-03-09,2020-09-20,5
Пестов Александр Эдгардович,1968-08-15,Гурьева Людмила Натановна,1991-07-24,2010-04-14,2
Петров Севастьян Аверьянович,1994-04-18,Цветкова Марфа Викторовна,1962-03-20,2018-03-12,4
Беспалов Порфирий Федосеевич,1977-06-21,Щербакова Лора Семеновна,1977-07-25,2010-11-03,5
Воронов Еремей Брониславович,1961-10-09,Королева Ираида Валериевна,1995-06-10,2017-01-28,6
Гордеев Агафон Федотович,1988-01-12,Киселева Анжелика Борисовна,1969-08-10,2015-11-27,1
Новиков Антонин Афанасьевич,1974-07-15,Соловьева Иванна Александровна,1973-04-26,2001-09-25,5
Силин Борислав Евсеевич,1998-07-17,Воронова Фёкла Альбертовна,2000-01-13,2020-09-26,6
Кондратьев Святополк Ануфриевич,1986-01-13,Комиссарова Пелагея Кузьминична,1976-06-19,2006-07-14,2
Мишин Онуфрий Федосеевич,1972-12-21,Боброва Элеонора Павловна,1960-08-13,2010-06-19,5
Сафонов Пахом Федосьевич,1992-08-02,Кошелева Нина Валериевна,1974-12-08,2011-11-06,2
Шарапов Антип Егорович,1989-11-02,Симонова Светлана Борисовна,1964-04-19,2011-12-25,7
Кузьмин Адам Антонович,1994-10-01,Копылова Наталья Антоновна,1987-06-16,2016-06-13,1
Рожков Наум Федосеевич,1964-08-13,Уварова Любовь Никифоровна,1990-07-10,2016-11-18,7
Нестеров Аркадий Викторович,1992-09-07,Козлова Александра Валериевна,1995-06-15,2017-02-11,8
Савельев Емельян Зиновьевич,1968-10-25,Одинцова Октябрина Семеновна,1963-02-07,2012-03-12,8
Медведев Всемил Бориславович,1979-09-07,Козлова Лора Болеславовна,1960-09-03,2017-07-04,4
Блинов Сильвестр Терентьевич,1974-12-19,Жукова Ирина Феликсовна,1988-08-08,2020-10-27,6
Субботин Флорентин Гавриилович,1996-03-14,Калашникова Екатерина Руслановна,1991-02-24,2015-09-12,10
Дроздов Юрий Измаилович,1994-08-20,Силина Тамара Болеславовна,1963-07-12,2015-08-26,10
Ермаков Зосима Артурович,1998-11-17,Фадеева Наталья Эльдаровна,1994-05-18,2018-03-01,6
Рыбаков Август Терентьевич,1969-10-26,Калашникова Виктория Леонидовна,1966-08-05,1989-04-03,5
Тарасов Сигизмунд Гавриилович,1998-10-13,Емельянова Кира Кирилловна,1967-11-05,2020-05-22,3
Блохин Аверьян Филимонович,1970-04-27,Михеева Наталья Константиновна,1975-05-20,1994-07-19,7
Шестаков Лев Игоревич,1989-02-01,Цветкова Синклитикия Ждановна,1995-11-10,2018-02-11,4
Якушев Фотий Борисович,1972-05-07,Маркова Оксана Ниловна,1998-10-08,2017-02-16,3
Игнатов Ян Юльевич,1981-12-13,Жданова Елизавета Наумовна,1961-12-10,2008-07-18,10
Белов Милан Теймуразович,1967-12-06,Мельникова Глафира Артемовна,1982-02-03,2015-12-12,6
Орлов Зиновий Исидорович,1992-09-26,Трофимова Екатерина Макаровна,1971-12-16,2015-08-16,8
Карпов Владимир Валерьевич,1966-03-08,Селиверстова Фаина Кирилловна,1980-04-11,2013-01-16,10
Дорофеев Елисей Игоревич,1985-07-18,Дьячкова Фёкла Филипповна,1966-02-08,2010-04-25,5
Самсонов Лавр Владиленович,1980-12-01,Никифорова Раиса Егоровна,1983-03-08,2008-05-13,8
Крюков Лонгин Адамович,1985-01-19,Фомина Зинаида Святославовна,1961-06-17,2003-10-20,10
Никифоров Леонтий Тихонович,1973-06-11,Алексеева Пелагея Игоревна,1964-02-13,2012-07-02,6
Селезнев Прокофий Антипович,1985-06-18,Бурова Марина Григорьевна,1963-04-13,2013-04-11,10
Денисов Наум Всеволодович,1978-06-05,Кулакова Кира Рубеновна,1975-07-05,1999-04-07,6
Калинин Мстислав Витальевич,1993-10-25,Сафонова Марфа Валериевна,1970-03-26,2016-05-17,8
Некрасов Севастьян Устинович,1962-02-27,Журавлева Жанна Афанасьевна,1966-09-09,2005-11-21,5
Осипов Тимофей Гертрудович,1981-07-04,Мельникова Нонна Георгиевна,1987-07-20,2007-02-04,4
Сафонов Владилен Феофанович,1992-03-17,Зуева Зоя Эльдаровна,1972-12-25,2020-05-28,6
Потапов Фрол Ярославович,1991-08-07,Денисова Алевтина Наумовна,1981-12-01,2020-07-05,3
Кузнецов Стоян Харлампьевич,1968-12-25,Фадеева Наина Евгеньевна,1993-06-27,2018-10-04,6
Афанасьев Ферапонт Феодосьевич,1994-02-06,Абрамова Ангелина Максимовна,1970-04-04,2012-03-14,10
Анисимов Любосмысл Аксёнович,1990-06-11,Бурова Октябрина Юльевна,1984-06-10,2017-01-09,5
Максимов Сократ Елизарович,1966-04-07,Ершова Евпраксия Антоновна,1978-09-04,2012-12-19,8
Герасимов Влас Бориславович,1975-10-05,Иванова Агафья Владиславовна,1995-09-17,2015-12-04,3
Белов Соломон Анисимович,1992-10-06,Максимова Полина Филипповна,1963-09-07,2012-09-10,5
Макаров Венедикт Егорович,1992-03-22,Мишина Марина Олеговна,1972-01-13,2014-04-25,8
Николаев Леон Изотович,1969-08-10,Комиссарова София Анатольевна,1994-05-19,2016-09-01,2
Савин Вацлав Трофимович,1960-12-06,Зимина Эмилия Алексеевна,1971-11-10,1992-06-24,7
Меркушев Лазарь Ефремович,1960-06-02,Стрелкова Ангелина Наумовна,1990-11-17,2011-11-21,7
Федотов Леонтий Марсович,1991-08-12,Колобова Виктория Руслановна,1999-11-28,2017-04-20,5
Осипов Юлий Валерьевич,1984-12-07,Козлова Маргарита Кирилловна,1978-04-17,2004-04-26,5
Давыдов Лев Гурьевич,1970-11-07,Мишина Элеонора Ивановна,1993-07-25,2017-05-14,9
Александров Леон Иосифович,1964-03-22,Лихачева Алина Геннадиевна,1995-10-06,2016-09-27,6
Ершов Данила Антипович,2000-06-05,Жданова Алла Михайловна,1969-07-27,2019-09-03,5
Трофимов Никита Брониславович,1996-06-25,Соболева Ия Тарасовна,1960-02-27,2017-06-23,3
Панфилов Ратмир Арсенович,1998-12-11,Рогова Елизавета Андреевна,1986-07-24,2020-09-05,9
Копылов Мокей Ерофеевич,1972-10-19,Ларионова Евпраксия Ефимовна,1987-12-21,2020-03-03,1
Лукин Вацлав Юльевич,1983-02-17,Андреева Ирина Аркадьевна,1967-03-24,2006-05-01,7
Воробьев Александр Антипович,1969-02-02,Шарова Вера Тимуровна,1999-11-04,2017-04-13,9
Ширяев Евстигней Даниилович,1964-02-28,Громова Юлия Андреевна,1999-11-20,2019-12-07,4
Селиверстов Сократ Григорьевич,1989-01-22,Моисеева Марина Максимовна,1979-08-21,2018-01-08,6
Назаров Арсений Аверьянович,1985-08-14,Смирнова Регина Натановна,1991-12-10,2012-12-28,7
Беляков Сергей Фомич,1988-08-15,Шарова Иванна Вадимовна,1963-05-26,2015-01-28,6
Максимов Август Давыдович,1993-07-09,Данилова Мария Валентиновна,1970-12-13,2012-07-13,9
Евсеев Стоян Гурьевич,1975-12-15,Журавлева Агафья Геннадьевна,1986-10-28,2010-01-07,7
Бобылев Руслан Трифонович,1972-04-21,Логинова Варвара Васильевна,1992-08-06,2020-04-26,4
Мамонтов Пров Якубович,1988-12-03,Фокина Зинаида Егоровна,1996-01-20,2016-12-22,3
Селезнев Лука Теймуразович,1978-04-24,Быкова Майя Вадимовна,1972-12-14,2020-03-01,4
Юдин Павел Георгиевич,1975-06-28,Федотова Наталья Аркадьевна,1971-01-05,1994-12-14,9
Наумов Конон Ефстафьевич,1973-10-02,Рожкова Прасковья Михайловна,1971-05-04,2007-07-26,5
Баранов Денис Борисович,1987-08-14,Русакова Клавдия Ильинична,1974-04-15,2006-01-12,1
Овчинников Панкратий Якубович,1972-10-16,Журавлева Регина Юрьевна,1984-08-12,2014-09-09,4
Горбунов Нестор Аксёнович,1981-03-22,Никифорова Нонна Андреевна,1981-08-07,2010-08-21,7
Соболев Анисим Бориславович,1969-09-25,Коновалова Татьяна Руслановна,1965-03-01,2012-04-08,7
Орехов Сергей Игнатьевич,1965-12-10,Авдеева Ирина Аскольдовна,1996-10-26,2015-03-07,5
Артемьев Любосмысл Изотович,1995-11-05,Кондратьева Вероника Валентиновна,1991-03-13,2017-12-11,9
Копылов Никанор Власович,1984-05-17,Терентьева Зинаида Ждановна,1997-03-19,2018-06-01,9
Авдеев Севастьян Артурович,1977-01-19,Белякова Галина Владиславовна,1972-08-06,2019-02-04,6
Исаков Соломон Марсович,1979-08-25,Андреева Зоя Эльдаровна,1973-01-11,2004-10-28,2
Лебедев Егор Яковлевич,1978-06-21,Никитина Феврония Натановна,1980-04-21,2020-09-22,8
Тарасов Спартак Вилорович,1987-07-15,Миронова Анжела Максимовна,1998-01-08,2018-05-14,2
Ковалев Христофор Филимонович,1997-01-22,Галкина Феврония Романовна,1976-07-19,2015-10-11,8
Воронов Фортунат Харитонович,1960-02-04,Семенова Ульяна Григорьевна,1973-07-03,2001-09-02,10
Третьяков Велимир Данилович,1967-09-19,Большакова Елизавета Кузьминична,1977-02-27,2008-01-19,9
Яковлев Зиновий Виленович,1973-09-13,Сорокина Анжелика Ильинична,1996-10-12,2017-09-24,4
Терентьев Измаил Андреевич,1963-03-14,Дмитриева Тамара Оскаровна,1998-02-24,2016-03-28,1
Лобанов Велимир Владиславович,1998-05-24,Евдокимова Оксана Борисовна,1998-04-24,2016-04-28,3
Кудрявцев Афиноген Александрович,1967-09-03,Дмитриева Лора Борисовна,1974-11-12,1996-09-17,2
Пономарев Фрол Демидович,1982-11-19,Петухова Валентина Федоровна,1979-03-16,2015-03-11,10
Вишняков Викентий Авдеевич,1967-04-23,Кошелева Октябрина Оскаровна,1990-06-08,2018-11-27,1
Гусев Кондратий Евстигнеевич,1969-11-18,Кошелева Марина Леоновна,1966-07-11,2013-07-05,3
Колобов Христофор Изотович,1991-08-11,Константинова Лора Владиславовна,1967-03-07,2012-06-19,1
Сысоев Алексей Викторович,1961-04-11,Юдина Елена Кузьминична,1985-12-10,2006-09-09,7
Лаврентьев Ефим Изотович,1997-08-02,Дементьева Фёкла Львовна,1982-08-07,2016-12-27,6
Федосеев Гедеон Антонович,1976-04-13,Колесникова Ксения Эльдаровна,1989-11-14,2011-12-07,1
Федосеев Дорофей Иларионович,1975-10-07,Орлова Жанна Ниловна,1989-05-15,2008-09-01,6
Зиновьев Фока Геннадиевич,1983-08-20,Самойлова Ульяна Кузьминична,1995-09-11,2015-08-19,1
Логинов Софон Анатольевич,1989-03-01,Данилова Анна Архиповна,1996-05-08,2015-11-26,7
Щукин Доброслав Валентинович,1997-08-04,Рожкова Надежда Альбертовна,1978-12-09,2015-01-28,5
Крылов Демьян Борисович,1963-08-03,Владимирова Юлия Макаровна,1962-09-20,1994-04-01,6
Русаков Владимир Евсеевич,1976-05-06,Вишнякова София Валериевна,1990-04-27,2020-01-26,8
Воронов Селиверст Артёмович,1969-03-04,Фомичева Милица Ильинична,1975-02-03,2004-05-27,10
Титов Архип Елисеевич,1969-10-19,Субботина Зинаида Тимофеевна,1994-03-27,2018-08-26,6
Меркушев Фока Васильевич,1973-04-15,Петухова Вера Геннадьевна,1993-04-04,2015-07-14,4
Цветков Гаврила Демьянович,1995-04-05,Александрова Елена Тимофеевна,1984-07-06,2018-04-16,8
Белозеров Елисей Давыдович,1999-05-10,Морозова Ирина Тимофеевна,1975-11-08,2017-09-14,2
Дмитриев Олег Васильевич,1991-07-13,Казакова Полина Аскольдовна,1970-06-27,2015-11-22,1
Хохлов Епифан Викторович,1993-08-04,Ковалева Ия Рудольфовна,1962-11-19,2013-05-04,4
Потапов Аполлон Егорович,1972-04-07,Бирюкова Светлана Святославовна,1963-09-02,2010-02-09,3
Фокин Богдан Фомич,1979-08-13,Кошелева Светлана Аркадьевна,1968-09-01,2012-09-02,9
Кошелев Федот Герасимович,1962-05-06,Тимофеева Галина Эльдаровна,1998-03-22,2018-11-28,2
Коновалов Казимир Гордеевич,1962-05-13,Шарапова Тамара Рудольфовна,1995-12-19,2018-12-06,3
Романов Савва Бориславович,1995-07-18,Одинцова Синклитикия Олеговна,1988-03-18,2020-07-12,1
Назаров Аристарх Арсеньевич,1998-07-06,Калинина Валентина Захаровна,1966-07-09,2020-05-12,6
Третьяков Евстигней Ярославович,1974-10-26,Абрамова Варвара Феликсовна,1978-12-23,2011-11-09,6
Кудрявцев Данила Антонович,1963-08-15,Морозова Анна Архиповна,1963-09-13,1982-04-15,2
Виноградов Кир Эдгардович,1983-11-15,Исакова Наина Святославовна,1994-09-21,2013-08-06,2
Жданов Михаил Ильясович,1977-02-22,Лыткина Алевтина Георгиевна,1971-03-04,2006-12-22,3
Ефимов Федот Филатович,1999-02-14,Жданова Полина Оскаровна,1970-08-07,2020-02-19,2
Захаров Спиридон Ефстафьевич,1965-05-03,Сазонова Оксана Альбертовна,1992-01-07,2015-03-24,6
Николаев Ермолай Жанович,1994-12-14,Кошелева Клавдия Феликсовна,1965-03-03,2014-01-20,10
Белозеров Мариан Данилович,1963-06-03,Костина Тамара Дмитриевна,1983-07-03,2006-11-15,6
Горбунов Нестор Егорович,1969-05-14,Кулагина Нонна Игоревна,1998-01-24,2016-10-11,3
Евдокимов Спартак Терентьевич,1962-09-25,Трофимова Жанна Макаровна,1974-07-09,1999-09-08,9
Некрасов Зосима Зиновьевич,1986-03-09,Яковлева Вероника Степановна,1980-08-10,2012-02-02,5
Уваров Автоном Тимурович,1970-11-01,Николаева Зинаида Степановна,1962-08-12,2009-12-25,1
Ларионов Болеслав Давидович,1961-04-20,Колобова Ольга Кирилловна,1988-05-02,2018-03-18,10
Потапов Вячеслав Филимонович,1965-08-22,Селиверстова Ираида Кузьминична,1961-04-06,2009-12-16,2
Крылов Борислав Харламович,1975-04-07,Воробьева Алла Геннадиевна,1968-03-09,2002-07-06,4
Белозеров Феликс Устинович,1998-11-08,Рожкова Регина Яковлевна,1965-12-12,2018-06-18,3
Одинцов Никандр Игоревич,1968-11-20,Пестова Евфросиния Леоновна,2000-08-09,2019-05-22,4
Лаврентьев Сидор Иларионович,1960-06-12,Макарова Лора Юльевна,1961-06-18,1990-03-26,4
Колесников Никита Валерьевич,1980-06-09,Сидорова Майя Вячеславовна,1991-11-23,2013-11-05,4
Брагин Станислав Зиновьевич,1982-04-16,Мамонтова Прасковья Леоновна,1992-11-18,2010-06-20,1
Блохин Кирилл Дорофеевич,1982-05-20,Хохлова Лора Никифоровна,1989-09-23,2015-07-22,6
Абрамов Потап Викентьевич,1975-04-14,Гаврилова Лидия Анатольевна,1991-11-02,2015-06-02,1
Галкин Прокл Филатович,1978-12-27,Елисеева Нина Александровна,1963-06-04,2012-05-04,10
Соколов Назар Архипович,1974-09-02,Рожкова Надежда Вениаминовна,1998-06-04,2019-02-26,4
Федоров Антонин Федотович,1967-07-24,Маслова Анна Вениаминовна,1975-02-21,1996-12-04,10
Якушев Орест Ерофеевич,1982-02-14,Кошелева Лариса Святославовна,1997-06-19,2015-06-24,3
Брагин Лев Феодосьевич,1988-01-20,Щербакова Нина Степановна,1983-07-19,2018-01-18,9
Потапов Агап Харламович,1965-01-12,Николаева Нина Александровна,1998-07-26,2017-09-13,2
Буров Назар Юльевич,1975-10-18,Дроздова Наталья Станиславовна,1965-03-06,2018-03-19,9
Борисов Карп Богданович,1983-01-12,Михайлова Раиса Станиславовна,1979-01-03,2006-04-12,2
Трофимов Гурий Филиппович,1989-12-10,Казакова Вера Валериевна,1974-03-25,2020-09-16,6
Макаров Ипполит Венедиктович,1993-06-26,Евсеева Светлана Альбертовна,1961-08-11,2014-05-27,5
Евдокимов Авксентий Демьянович,1963-11-28,Галкина Таисия Харитоновна,1983-06-01,2013-12-23,5
Воробьев Парамон Ильич,2000-09-13,Орлова Алла Степановна,1974-01-18,2018-11-12,9
Зайцев Дорофей Адамович,1975-08-26,Емельянова Евгения Валериевна,1995-11-25,2018-03-09,9
Родионов Ипат Ефимьевич,1973-01-05,Брагина Оксана Петровна,1963-11-23,2001-10-26,6
Семенов Добромысл Владленович,1996-06-07,Третьякова Элеонора Валериевна,1984-01-06,2016-05-19,4
Симонов Федот Гордеевич,1981-12-22,Зимина Ксения Яковлевна,1966-01-19,2006-06-19,6
Романов Радислав Гордеевич,1987-06-14,Логинова Ангелина Семеновна,1960-10-25,2016-11-15,3
Ефимов Аникита Марсович,1992-01-18,Самойлова София Юльевна,1979-07-08,2013-03-08,3
Никонов Эрнст Бенедиктович,1968-06-09,Данилова Марина Дмитриевна,1985-10-14,2019-02-14,9
Галкин Виссарион Венедиктович,1962-08-28,Пономарева Алла Олеговна,1967-05-26,1990-01-25,10
Красильников Юлиан Георгиевич,1964-10-17,Бурова Оксана Макаровна,1967-11-09,2019-09-25,6
Щукин Добромысл Артемьевич,1983-01-01,Дмитриева Татьяна Васильевна,1966-01-12,2017-05-06,9
Бобылев Антонин Егорович,1991-05-13,Капустина Иванна Вадимовна,1964-09-27,2018-11-18,7
Гаврилов Аникей Игоревич,1996-03-16,Михеева Майя Васильевна,1995-09-04,2014-10-18,3
Шилов Ульян Афанасьевич,1965-04-25,Ершова Регина Вениаминовна,1964-11-04,2005-03-10,8
Гусев Панфил Денисович,1988-04-06,Бирюкова Полина Святославовна,1971-10-19,2017-08-11,1
Назаров Давыд Венедиктович,1973-06-02,Абрамова Вероника Геннадьевна,1972-10-22,2009-09-18,8
Макаров Флорентин Ильясович,1971-04-04,Лыткина Прасковья Юрьевна,1988-06-09,2018-12-12,4
Зайцев Аскольд Вилорович,1967-01-08,Кудряшова Валерия Георгиевна,1961-06-18,2008-10-17,8
Тарасов Исай Артурович,1966-07-13,Воробьева Милица Максимовна,1975-01-08,1996-06-20,6
Шилов Евстигней Иларионович,1968-07-16,Овчинникова Глафира Петровна,1980-01-14,2019-09-12,7
Шашков Амос Викентьевич,1975-05-11,Федорова Наина Юрьевна,1981-03-25,2020-12-08,4
Владимиров Яков Андреевич,1995-07-10,Суханова Вера Наумовна,1979-01-13,2016-01-06,6
Калашников Орест Архипович,1994-02-22,Тетерина Клавдия Тимуровна,1993-02-06,2017-03-08,2
Виноградов Филипп Герасимович,1973-05-15,Михайлова Евпраксия Григорьевна,1972-06-10,2016-12-17,6
Кузьмин Аггей Александрович,1960-01-16,Силина Таисия Александровна,1960-06-16,1995-03-15,7
Колобов Ким Трифонович,1966-06-14,Гущина Тамара Степановна,1967-04-11,2013-02-01,4
Давыдов Кондратий Авдеевич,2000-12-03,Захарова Агата Филипповна,1960-06-28,2018-12-24,6
Архипов Потап Измаилович,1990-08-16,Зыкова Фёкла Олеговна,2000-06-17,2020-05-16,7
Карпов Леонтий Власович,1975-11-09,Игнатьева Елизавета Александровна,1979-12-17,2018-09-22,5
Кириллов Филарет Ефремович,1968-07-13,Кондратьева Синклитикия Сергеевна,1962-10-23,1987-08-20,1
Молчанов Валерий Елисеевич,1967-11-14,Бобылева Светлана Оскаровна,1996-02-01,2019-12-18,4
Селиверстов Вячеслав Давыдович,1986-12-09,Гусева Регина Владиславовна,1978-02-21,2010-10-03,8
Марков Мартьян Венедиктович,1976-04-02,Воронцова Элеонора Тимофеевна,2000-08-14,2020-09-14,8
Горшков Натан Арсеньевич,1960-11-22,Баранова Людмила Евгеньевна,1991-02-07,2016-10-01,7
Субботин Милий Викентьевич,1965-08-01,Жукова Пелагея Кирилловна,1972-06-01,1997-03-10,6
Щербаков Платон Гаврилович,1964-11-27,Константинова Евпраксия Ефимовна,1981-06-01,2013-09-18,8
Шестаков Афиноген Валентинович,1981-02-12,Ефимова Иванна Аркадьевна,1980-06-02,2003-02-23,5
Новиков Фома Ааронович,1978-01-06,Ларионова Анжела Анатольевна,1968-10-07,1999-12-08,10
Журавлев Валерий Евстигнеевич,1975-01-21,Ефимова Анна Натановна,1990-12-24,2018-10-23,6
Орехов Эрнест Гурьевич,1979-01-28,Симонова Юлия Яковлевна,1980-01-21,2012-11-16,4
Баранов Аполлинарий Марсович,1978-08-02,Маркова Александра Владиславовна,1990-06-14,2017-07-01,3
Мамонтов Анатолий Харламович,1979-10-05,Одинцова Зинаида Алексеевна,1975-03-12,2009-11-07,1
Горшков Будимир Харламович,1995-02-02,Овчинникова Валентина Ниловна,1969-07-17,2020-01-15,7
Артемьев Аркадий Данилович,1996-11-14,Горбачева Евдокия Феликсовна,1970-11-22,2017-12-08,4
Осипов Спартак Арсеньевич,1977-04-14,Воробьева Василиса Владимировна,1984-06-24,2011-04-23,9
Ларионов Артемий Егорович,1993-06-06,Филатова Евфросиния Андреевна,1978-12-05,2019-02-23,2
Гуляев Георгий Давыдович,1986-08-26,Морозова Евдокия Геннадьевна,1992-10-27,2017-03-08,7
Селиверстов Эдуард Валерьевич,1971-05-16,Кондратьева Ольга Богдановна,1988-08-18,2010-02-20,3
Дроздов Ярополк Власович,1976-02-09,Семенова Эмилия Кузьминична,1996-03-19,2015-11-08,5
Харитонов Денис Борисович,1983-11-09,Исаева Людмила Викторовна,1969-03-28,2014-10-21,1
Воронцов Михей Устинович,1965-12-08,Дементьева Пелагея Ильинична,1991-02-02,2016-08-06,10
Беспалов Аггей Фадеевич,1990-03-03,Авдеева Елена Борисовна,1989-11-10,2020-09-27,5
Лыткин Мариан Аверьянович,1960-11-09,Сорокина Глафира Филипповна,1999-01-14,2019-06-11,6
Петухов Пантелеймон Эдгарович,1979-09-11,Турова Дарья Григорьевна,1993-01-09,2015-12-19,10
Громов Олег Ерофеевич,1993-04-05,Кудряшова Любовь Геннадиевна,1961-06-09,2014-04-27,4
Одинцов Иннокентий Феофанович,1960-06-09,Филатова Оксана Федоровна,1969-08-13,2016-05-08,5
Михайлов Мокей Харитонович,1998-06-23,Бирюкова Любовь Леоновна,1974-04-23,2016-03-17,6
Доронин Касьян Трифонович,1971-04-12,Брагина Феврония Васильевна,1969-01-20,2015-11-14,5
Уваров Бажен Феофанович,1986-03-25,Турова Агата Геннадиевна,1966-06-03,2012-05-10,9
Александров Евстигней Евсеевич,1960-05-09,Семенова Ольга Ильинична,1981-02-23,2012-08-23,5
Егоров Виссарион Марсович,1996-06-05,Силина Валентина Александровна,1963-10-08,2019-12-23,8
Крылов Симон Феофанович,1965-01-01,Овчинникова Лариса Олеговна,1979-12-17,2017-01-16,3
Антонов Фрол Гертрудович,1971-04-07,Кононова Вера Натановна,1963-02-27,2011-08-10,5
Шаров Панфил Иосифович,1991-05-06,Зуева Раиса Робертовна,1981-06-10,2018-04-13,4
Авдеев Лазарь Даниилович,1978-02-25,Никитина Александра Ильинична,1971-01-03,2011-01-07,1
Лихачев Милен Бориславович,1984-11-21,Шарапова Ульяна Михайловна,1973-04-12,2020-05-12,8
Пестов Аполлон Владиславович,1984-04-09,Кулагина Эмилия Захаровна,1981-04-24,2003-06-03,1
Максимов Макар Чеславович,1977-12-20,Доронина Галина Леонидовна,1970-06-04,2010-01-01,4
Давыдов Фадей Ануфриевич,1982-05-22,Архипова Ольга Филипповна,1978-10-17,2003-05-05,9
Суханов Аким Юлианович,1979-03-27,Субботина Евфросиния Святославовна,1974-06-12,1998-05-05,6
Андреев Евгений Владленович,1972-10-23,Власова Светлана Вячеславовна,1975-02-27,2001-01-13,10
Лебедев Автоном Ермилович,1967-05-25,Силина Юлия Робертовна,1974-10-22,2018-11-02,6
Гусев Пантелеймон Тихонович,1994-07-19,Тетерина Екатерина Святославовна,1988-06-12,2020-08-21,6
Воронов Варлаам Устинович,1970-02-08,Никонова Алевтина Святославовна,2000-04-06,2020-05-13,8
Буров Казимир Фомич,1981-03-03,Белова Раиса Феликсовна,2000-05-06,2020-01-04,9
Власов Аверкий Филимонович,1970-10-23,Крылова Фаина Ниловна,1995-05-22,2020-02-24,2
Кошелев Натан Ааронович,1999-08-17,Гришина Вероника Кирилловна,1978-04-13,2020-05-12,10
Анисимов Кондратий Егорович,1974-02-09,Кудрявцева Варвара Юльевна,1996-08-18,2018-01-16,4
Блинов Леонтий Афанасьевич,1999-09-09,Игнатова Вероника Мироновна,1979-04-24,2017-07-19,6
Сазонов Галактион Августович,1972-10-25,Исаева Глафира Юрьевна,1987-10-14,2010-08-07,5
Зыков Тарас Фокич,1971-04-14,Макарова Виктория Геннадиевна,1963-05-03,2005-07-21,10
Фомин Сидор Глебович,1976-04-15,Тихонова Кира Тарасовна,1998-08-08,2017-06-27,9
Жуков Творимир Эдгардович,1964-04-23,Бурова София Петровна,1992-11-20,2012-10-04,8
Михайлов Мирон Гаврилович,1991-03-26,Суворова Акулина Станиславовна,1965-09-01,2009-04-28,5
Мишин Януарий Васильевич,1997-09-15,Васильева Александра Георгиевна,1980-07-20,2017-12-14,2
Сергеев Милен Дорофеевич,1978-02-04,Орехова Маргарита Ильинична,1969-06-15,2018-05-21,7
Петров Андрон Игнатович,1981-01-14,Горбунова Зинаида Мироновна,1970-08-27,2008-07-03,8
Ширяев Авксентий Ефстафьевич,1983-03-25,Новикова Зинаида Валентиновна,1991-06-17,2019-06-17,10
Лазарев Викентий Измаилович,1980-01-08,Алексеева Милица Васильевна,1971-01-25,2014-01-19,10
Дмитриев Евграф Андреевич,1969-10-28,Ковалева Анастасия Алексеевна,1991-03-12,2018-08-20,8
Авдеев Ян Викторович,1971-07-04,Турова Людмила Викторовна,1979-02-07,2013-06-08,4
Соколов Ян Аверьянович,1971-08-06,Королева Ксения Харитоновна,1996-02-14,2018-10-19,7
Михайлов Порфирий Венедиктович,1995-12-25,Назарова Майя Васильевна,1997-07-24,2017-02-10,4
Александров Панкрат Гурьевич,1967-03-27,Федосеева Агата Наумовна,1976-01-22,2003-09-07,9
Молчанов Тимофей Филимонович,1972-03-24,Дорофеева Прасковья Ждановна,1990-11-03,2020-10-10,5
Николаев Олег Афанасьевич,1964-01-16,Баранова Галина Геннадиевна,1996-09-15,2019-01-08,6
Шаров Ермолай Харлампьевич,1964-02-03,Морозова Светлана Ниловна,1981-04-13,1999-10-01,10
Колесников Рубен Дорофеевич,1966-05-25,Рыбакова Ксения Олеговна,1967-06-03,2007-07-25,2
Хохлов Харитон Абрамович,1985-08-27,Кузьмина Нина Святославовна,1996-09-06,2016-07-15,10
Соколов Всемил Ермолаевич,1966-07-15,Исаева Глафира Васильевна,1961-11-22,2002-01-25,7
Дьячков Феоктист Денисович,1983-12-12,Денисова Милица Михайловна,1996-01-13,2015-06-21,5
Денисов Добромысл Жанович,1997-02-20,Фадеева Елена Александровна,1984-06-25,2016-01-05,2
Уваров Ярослав Бориславович,1993-05-11,Шилова Лариса Борисовна,1965-09-11,2014-09-07,7
Игнатов Сергей Филатович,1974-08-08,Гордеева Вероника Борисовна,1987-04-18,2013-10-06,9
Константинов Григорий Егорович,1969-05-03,Гущина Евгения Дмитриевна,1984-03-08,2008-03-14,3
Красильников Аполлон Гертрудович,1998-05-16,Суворова Милица Вадимовна,1990-07-20,2019-07-08,10
Кабанов Бронислав Дорофеевич,1964-10-10,Бурова София Аскольдовна,1988-04-19,2019-08-02,6
Субботин Антип Феоктистович,1986-10-07,Горбунова Евдокия Кирилловна,1986-05-12,2006-08-03,9
Артемьев Вячеслав Дорофеевич,1979-06-24,Воронова Алина Аскольдовна,1967-01-08,2003-01-27,3
Богданов Милан Антипович,1993-11-21,Орлова Октябрина Рубеновна,1999-07-01,2017-07-19,8
Лазарев Святослав Валерианович,1975-07-19,Киселева София Наумовна,1985-11-13,2015-05-26,4
Горбунов Ладислав Давыдович,1968-10-13,Веселова Нина Федоровна,1993-02-25,2013-08-06,1
Зимин Ярополк Ефстафьевич,1971-09-08,Харитонова Олимпиада Степановна,1993-08-16,2016-03-23,6
Гусев Трофим Витальевич,1963-12-04,Мамонтова Таисия Анатольевна,1970-09-03,1998-05-28,6
Фомин Святополк Изотович,1989-02-15,Казакова Анна Сергеевна,1977-01-26,2009-06-03,10
Тарасов Эмиль Федотович,1994-01-19,Королева Евпраксия Григорьевна,1980-03-27,2019-10-18,8
Блохин Ладимир Филиппович,1977-09-27,Ситникова Мария Александровна,1992-06-23,2020-02-19,7
Кулагин Павел Аверьянович,1989-08-19,Селиверстова Элеонора Дмитриевна,1983-07-26,2009-07-22,3
Зуев Феоктист Теймуразович,1979-02-12,Беляева Эмилия Оскаровна,1989-07-13,2008-04-06,10
Фомичев Болеслав Даниилович,1974-07-01,Зайцева Лукия Александровна,1965-08-15,2011-05-13,1
Кудрявцев Болеслав Даниилович,1975-03-09,Константинова Марина Кирилловна,1967-11-18,2016-07-07,2
Михайлов Амвросий Харлампович,1986-01-15,Лаврентьева Полина Николаевна,1992-02-16,2014-12-26,7
Фадеев Филарет Валерьянович,1997-07-22,Виноградова Алина Анатольевна,1991-08-14,2019-12-16,3
Родионов Роман Ефимович,1977-12-13,Емельянова Милица Тарасовна,1964-11-27,2019-02-26,8
Белоусов Тимофей Игнатович,1965-08-07,Мясникова Феврония Вадимовна,1970-03-05,2020-04-15,9
Исаков Устин Власович,1972-12-21,Щукина Елизавета Кузьминична,1972-05-25,1993-07-18,1
Васильев Борис Феоктистович,1993-07-25,Афанасьева Анжелика Игоревна,1980-11-28,2020-10-27,1
Зиновьев Фортунат Фролович,1979-06-08,Афанасьева Пелагея Леонидовна,1998-06-25,2017-10-07,5
Цветков Будимир Иосипович,1991-02-25,Горшкова Алевтина Васильевна,1989-05-21,2018-10-14,1
Фомин Андрей Марсович,1960-04-03,Шашкова Анжелика Богдановна,1990-12-02,2020-07-27,5
Громов Орест Тимурович,1979-11-20,Панова София Оскаровна,1993-10-09,2016-08-22,2
Ларионов Флорентин Богданович,1961-09-08,Селиверстова Элеонора Юрьевна,1986-01-06,2017-06-03,9
Ситников Тимур Адамович,1997-05-06,Чернова Надежда Владимировна,1985-03-05,2015-12-27,7
Куликов Евдоким Аксёнович,1977-03-02,Лукина Евгения Георгиевна,1968-06-20,2006-06-19,7
Мухин Аристарх Федосеевич,1989-01-25,Семенова Василиса Артемовна,1994-02-10,2016-04-17,9
Филатов Терентий Фокич,1991-07-15,Никонова Евпраксия Руслановна,1971-08-12,2018-11-03,10
Журавлев Гостомысл Еремеевич,1960-10-02,Миронова Элеонора Макаровна,1993-06-17,2020-08-23,6
Назаров Кузьма Борисович,2000-02-20,Нестерова Глафира Болеславовна,1994-01-25,2020-08-08,5
Кулагин Венедикт Ильич,1978-07-09,Логинова Василиса Романовна,1968-05-16,2013-08-05,7
Громов Еремей Виленович,1993-05-09,Федотова Елизавета Артемовна,1966-01-20,2015-04-07,7
Корнилов Изот Аксёнович,1991-05-13,Федотова Ирина Альбертовна,1980-12-12,2009-12-18,9
Федоров Фома Фёдорович,1978-01-25,Волкова Прасковья Эдуардовна,1963-12-21,2017-03-04,4
Воронов Милован Артёмович,1983-01-17,Вишнякова Акулина Борисовна,1973-05-01,2005-03-03,6
Калинин Александр Афанасьевич,1981-06-24,Макарова Мария Антоновна,1966-10-18,2012-10-13,3
Брагин Добромысл Борисович,1976-06-06,Петрова Ангелина Игоревна,1998-05-20,2019-05-04,7
Лаврентьев Амос Владиславович,1985-01-20,Логинова Нинель Руслановна,1961-04-15,2017-08-11,6
Якушев Геннадий Якубович,1967-11-18,Блинова Вера Константиновна,1972-02-06,1992-10-26,8
Харитонов Вадим Анатольевич,1997-06-14,Зайцева Татьяна Архиповна,1995-01-01,2020-09-18,4
Князев Емельян Демидович,1995-11-02,Ефимова Акулина Валериевна,1989-04-16,2020-09-06,8
Шаров Тимур Герасимович,1977-09-09,Лыткина Октябрина Львовна,1971-09-27,2015-10-19,9
Третьяков Прокофий Арсенович,1960-09-27,Жукова Евфросиния Владиславовна,2000-10-27,2019-10-27,5
Гурьев Михаил Евсеевич,1960-04-10,Волкова Варвара Николаевна,1967-11-04,2019-07-12,1
Муравьев Леон Филиппович,1963-08-28,Жукова Виктория Борисовна,1982-01-18,2015-11-19,3
Бирюков Любосмысл Юлианович,1982-10-08,Куликова Наина Викторовна,1999-08-07,2019-10-19,2
Маслов Гурий Евсеевич,1984-03-19,Тетерина Нинель Георгиевна,1963-05-23,2003-06-12,2
Матвеев Софрон Федосьевич,1972-09-11,Исаева Евдокия Егоровна,1981-04-12,2008-03-03,4
Симонов Аким Якубович,1987-08-18,Кириллова Майя Аскольдовна,1968-03-11,2011-03-01,4
Герасимов Лев Данилович,1981-11-14,Носова Октябрина Никифоровна,1986-06-06,2017-06-23,5
Ситников Никифор Харлампович,1983-04-07,Лихачева Евпраксия Ждановна,1962-04-16,2019-07-05,7
Беляков Соломон Афанасьевич,1971-05-25,Пестова Нина Яковлевна,1965-06-05,2002-11-22,1
Ефремов Никанор Эдгардович,1990-09-24,Гусева Вера Феликсовна,1982-11-10,2008-07-20,7
Силин Порфирий Георгиевич,1996-11-05,Михеева Анна Георгиевна,1989-09-06,2018-06-21,1
Поляков Эраст Федосеевич,1979-01-07,Чернова Наталья Кузьминична,1987-09-10,2006-10-23,3
Шашков Аверкий Ильич,1973-08-21,Кудрявцева Регина Геннадиевна,1963-05-19,2001-07-04,10
Савин Яков Архипович,1980-10-17,Копылова Ираида Тимофеевна,1981-09-21,2017-10-25,4
Селезнев Милан Григорьевич,1989-02-06,Ермакова София Рубеновна,1982-04-16,2017-08-21,5
Вишняков Герасим Ильясович,1984-12-20,Филиппова Кира Никифоровна,1975-04-19,2003-10-18,9
Крылов Демид Федотович,1961-04-09,Сазонова Виктория Романовна,1966-02-04,2008-07-05,9
Кононов Михаил Ильич,1993-06-27,Яковлева Юлия Аскольдовна,1993-04-27,2019-04-15,1
Павлов Терентий Геннадиевич,1977-07-15,Зыкова Наталья Эльдаровна,1985-02-27,2006-11-03,7
Князев Григорий Ануфриевич,1987-03-23,Аксенова Александра Вениаминовна,1961-02-24,2014-08-16,1
Ильин Евстафий Харламович,1966-03-17,Воронцова Лора Тарасовна,1981-05-06,2008-08-05,5
Жданов Радован Елизарович,1968-06-26,Захарова Лидия Ильинична,1995-10-18,2020-11-18,7
Гордеев Бронислав Филатович,1970-12-26,Бобылева Ульяна Филипповна,1978-08-20,2019-09-24,1
Кулагин Дорофей Дмитриевич,1992-09-08,Щербакова Антонина Богдановна,1972-09-01,2014-02-15,4
Агафонов Тимофей Федотович,1974-11-05,Панова Оксана Болеславовна,1982-06-03,2000-08-17,5
Коновалов Гремислав Игнатьевич,1985-09-22,Сазонова Лидия Юльевна,1960-10-01,2004-01-04,8
Авдеев Валентин Аверьянович,1994-09-02,Рожкова Тамара Макаровна,1971-04-08,2012-12-17,4
Уваров Ратмир Якубович,1974-01-10,Аксенова Нина Матвеевна,1996-07-14,2020-11-26,10
Прохоров Ладимир Егорович,1961-10-08,Сафонова Нинель Игоревна,1996-10-19,2014-02-11,2
Степанов Капитон Зиновьевич,1969-12-27,Гусева Антонина Мироновна,1986-01-14,2009-06-08,7
Прохоров Измаил Бенедиктович,1983-01-13,Мельникова Анжелика Андреевна,1998-07-25,2016-03-07,9
Максимов Кондратий Абрамович,1993-10-20,Блинова Светлана Аркадьевна,1964-08-04,2018-07-17,7
Никитин Симон Арсеньевич,1967-04-12,Жданова Прасковья Николаевна,1999-09-12,2020-03-13,9
Ситников Архип Адамович,1993-01-09,Суворова Акулина Кирилловна,1994-05-25,2012-06-26,9
Петров Натан Ермолаевич,1970-12-07,Лукина Ангелина Святославовна,1989-02-22,2010-08-06,8
Селезнев Орест Глебович,1971-09-23,Лебедева Вероника Альбертовна,1999-01-24,2018-02-11,8
Осипов Самсон Владиславович,1981-04-17,Князева Юлия Рудольфовна,1989-04-11,2018-09-01,10
Цветков Епифан Игоревич,1997-05-07,Кабанова Галина Оскаровна,1974-07-12,2015-06-10,5
Котов Всеслав Яковлевич,1996-05-09,Логинова Вера Тимофеевна,1995-10-25,2019-07-27,1
Голубев Януарий Данилович,1982-11-08,Маркова Дарья Анатольевна,1974-07-18,2008-09-02,3
Шестаков Александр Денисович,1971-04-03,Никифорова Нонна Викторовна,1965-03-11,2014-07-04,1
Воронцов Роман Арсеньевич,1966-07-21,Котова Людмила Владимировна,1982-10-28,2005-01-11,9
Силин Феликс Власович,1992-05-22,Воробьева Милица Викторовна,1987-01-05,2010-11-27,2
Некрасов Никон Аксёнович,1972-01-20,Самсонова Вера Ждановна,1982-02-11,2013-09-15,9
Тарасов Нестор Адамович,1990-12-27,Гришина Елизавета Борисовна,1997-12-26,2020-01-15,7
Титов Антип Викентьевич,1998-04-18,Сидорова Вера Макаровна,1990-04-14,2016-04-04,7
Борисов Боян Фролович,1998-04-17,Яковлева Александра Григорьевна,1995-09-22,2017-04-05,10
Марков Аникей Харлампович,1972-11-27,Колобова Вера Эдуардовна,1978-06-14,2003-08-08,1
Калинин Иосиф Теймуразович,1989-03-17,Мишина Полина Антоновна,1981-01-28,2016-08-05,2
Королев Эраст Аксёнович,1997-12-27,Рожкова Алевтина Рубеновна,1967-02-20,2019-04-02,9
Горбачев Феофан Фокич,1973-07-15,Прохорова Светлана Святославовна,1998-05-03,2018-11-08,8
Лапин Савватий Ефремович,1978-09-05,Лаврентьева Анжелика Тимуровна,1987-07-02,2019-07-01,3
Шашков Мирослав Ефимьевич,1968-05-17,Куликова Ия Леонидовна,1970-09-18,1991-12-27,9
Лаврентьев Михей Тимурович,1984-04-10,Родионова Валерия Андреевна,1995-03-12,2019-02-16,9
Тимофеев Епифан Артёмович,1960-04-26,Симонова Дарья Ильинична,1963-09-19,2004-10-11,7
Шарапов Милий Арсенович,1964-11-05,Фролова Ангелина Андреевна,1991-05-02,2013-10-23,8
Пестов Аркадий Харлампович,1961-05-01,Дементьева Прасковья Макаровна,1997-05-19,2019-09-09,2
Ефремов Тихон Валерьянович,1960-05-19,Калинина Оксана Руслановна,1975-05-08,1997-10-05,4
Рыбаков Клавдий Вячеславович,1971-02-21,Елисеева Наина Филипповна,1988-08-05,2009-05-20,2
Логинов Селиверст Тимурович,1987-10-23,Щербакова Фёкла Эдуардовна,1970-12-16,2017-04-03,2
Носков Добромысл Ефимович,1971-04-19,Кулагина Александра Даниловна,1961-03-15,2015-10-13,6
Фадеев Мстислав Иосифович,1985-05-26,Быкова Пелагея Даниловна,1968-03-15,2005-11-22,6
Архипов Милий Ануфриевич,1966-10-17,Кошелева Любовь Тимуровна,1960-07-28,2014-05-02,5
Гришин Никодим Аверьянович,1978-05-18,Селезнева Нина Харитоновна,1975-09-07,2001-06-24,3
Рогов Януарий Геннадиевич,1996-06-25,Владимирова Полина Рудольфовна,1970-07-25,2016-04-24,1
Некрасов Феликс Борисович,1970-06-16,Кулагина Мария Ефимовна,1977-07-12,2017-07-14,2
Панфилов Селиверст Харлампьевич,1996-12-14,Белякова Прасковья Ильинична,1983-11-18,2016-12-10,9
Сорокин Адриан Ефремович,1964-02-16,Зыкова Ирина Антоновна,1970-01-08,2011-10-16,8
Блинов Юлий Венедиктович,1993-07-04,Никифорова Ксения Геннадиевна,1974-02-20,2015-06-27,5
Тарасов Онуфрий Артурович,1997-07-07,Копылова Ия Федоровна,1974-10-14,2016-02-25,9
Суворов Радислав Викентьевич,1970-11-07,Петрова Алла Борисовна,1976-11-24,2012-11-03,1
Симонов Будимир Захарьевич,1961-10-15,Коновалова Мария Кирилловна,1981-02-01,2003-08-03,3
Козлов Агап Захарьевич,1960-03-02,Евдокимова Лора Наумовна,1997-02-24,2019-11-18,6
Лазарев Эраст Матвеевич,1985-05-21,Харитонова Дарья Мироновна,1979-07-03,2014-08-27,5
Михайлов Тимофей Афанасьевич,1999-09-20,Новикова Антонина Ильинична,1987-02-06,2017-11-19,9
Харитонов Евлампий Чеславович,1963-02-21,Кудряшова Феврония Аскольдовна,1977-02-23,2013-10-13,3
Архипов Максимильян Евсеевич,1997-03-23,Комарова Лукия Эдуардовна,1968-05-04,2015-07-21,3
Дроздов Глеб Ануфриевич,1998-07-01,Сазонова Евпраксия Львовна,1972-09-14,2017-11-10,4
Костин Елизар Валентинович,1996-10-09,Ларионова Ираида Ильинична,1968-05-10,2016-01-02,3
Ларионов Кондрат Трофимович,1997-03-05,Брагина Анжела Кузьминична,1992-12-07,2018-04-03,5
Мартынов Арсений Чеславович,1988-03-05,Харитонова Нина Тимуровна,1976-07-23,2018-10-04,6
Некрасов Бронислав Захарьевич,1974-08-26,Голубева Полина Вениаминовна,1993-06-23,2013-02-27,9
Кулаков Адам Васильевич,1981-12-07,Захарова Валерия Феликсовна,1968-10-06,2004-01-26,1
Маслов Антип Архипович,1969-03-21,Блинова Алевтина Вадимовна,1970-05-20,1991-01-17,9
Захаров Гаврила Абрамович,1966-03-12,Беляева Элеонора Святославовна,1989-03-18,2019-09-21,8
Сорокин Еремей Германович,1987-05-14,Осипова Алина Валентиновна,1963-03-03,2012-02-08,2
Цветков Орест Захарьевич,1966-10-19,Авдеева Нонна Захаровна,1968-06-27,1998-07-19,4
Лихачев Филимон Валерьянович,1988-01-20,Николаева Олимпиада Дмитриевна,1976-02-14,2009-06-05,5
Тарасов Мариан Евстигнеевич,1968-07-06,Сысоева Анжела Аскольдовна,1983-06-21,2014-05-05,8
Зыков Аполлон Брониславович,1994-01-08,Уварова Наина Олеговна,1964-01-02,2020-12-13,7
Гришин Аркадий Виленович,1996-09-20,Гаврилова Ульяна Олеговна,1969-07-23,2015-07-27,5
Федотов Архип Афанасьевич,1975-06-18,Васильева Олимпиада Николаевна,1984-02-14,2020-03-23,4
Денисов Спартак Федотович,1979-04-12,Осипова Тамара Рубеновна,1989-06-25,2013-05-05,5
Галкин Борис Алексеевич,1976-06-20,Васильева Лукия Ждановна,1971-12-23,2005-01-08,1
Галкин Евстигней Ефстафьевич,1965-11-03,Михайлова Октябрина Геннадиевна,2000-02-09,2019-10-05,6
Фомин Аггей Эдгарович,1965-04-12,Гурьева Лора Богдановна,1990-07-14,2010-12-18,3
Шарапов Викентий Ааронович,1964-06-26,Пестова Елена Аркадьевна,1992-05-03,2010-06-11,7
Абрамов Викторин Теймуразович,1970-02-16,Куликова Вероника Ивановна,1991-06-26,2009-04-23,6
Исаков Еремей Адрианович,1994-05-11,Архипова Акулина Олеговна,1971-05-25,2017-10-03,5
Осипов Антип Фролович,1972-02-16,Матвеева Вера Афанасьевна,1968-02-28,2009-10-10,8
Носов Филимон Елисеевич,1987-03-11,Харитонова Марфа Альбертовна,1986-12-21,2009-09-21,9
Королев Влас Гавриилович,1971-01-02,Владимирова Октябрина Аркадьевна,1996-08-08,2020-01-15,7
Лукин Зиновий Харитонович,1989-12-26,Орехова Октябрина Оскаровна,1964-08-17,2020-12-03,4
Семенов Феоктист Изотович,1971-04-05,Игнатова Елена Матвеевна,1976-03-21,2000-12-12,4
Карпов Азарий Елисеевич,1994-05-18,Пономарева Юлия Михайловна,1984-09-14,2014-08-06,4
Герасимов Леонтий Андреевич,1993-06-21,Богданова Евдокия Станиславовна,2000-05-05,2019-01-11,9
Котов Степан Дорофеевич,1962-07-16,Киселева Наталья Филипповна,1985-10-26,2010-11-07,2
Григорьев Силантий Игнатьевич,1988-07-15,Бобылева Мария Рубеновна,1990-07-09,2020-02-05,10
Щербаков Аггей Георгиевич,1962-03-21,Захарова Лидия Святославовна,1995-02-13,2020-11-27,6
Веселов Анатолий Фомич,1991-01-11,Шашкова Агафья Эльдаровна,1994-09-12,2020-08-09,3
Туров Михаил Юльевич,1984-11-10,Кудряшова Тамара Болеславовна,1971-06-10,2007-11-17,1
Щукин Никифор Алексеевич,2000-06-12,Игнатьева Тамара Леонидовна,1966-05-22,2020-10-20,1
Федосеев Прокофий Фадеевич,1995-10-24,Иванова Нонна Макаровна,1964-12-09,2016-03-02,2
Симонов Кир Демидович,1999-05-22,Панфилова Нина Геннадиевна,1962-04-01,2018-12-18,7
Блинов Кузьма Тарасович,1999-02-12,Ларионова Зоя Мироновна,1969-12-15,2018-08-07,9
Ларионов Архип Еремеевич,1999-11-02,Костина Елизавета Кирилловна,1976-04-23,2017-07-04,9
Ермаков Юлий Харлампьевич,1992-08-23,Уварова Марина Ждановна,1977-10-17,2015-02-26,5
Туров Назар Ермилович,1978-04-06,Жданова Жанна Кузьминична,1990-10-17,2010-09-19,8
Дорофеев Андрей Ефимьевич,1985-06-20,Горшкова Мария Болеславовна,1997-01-26,2017-05-15,5
Макаров Фортунат Феофанович,1986-09-24,Лобанова Надежда Андреевна,1985-03-18,2015-03-21,10
Молчанов Руслан Архипович,1982-12-09,Белоусова Клавдия Рудольфовна,1974-06-02,2011-03-06,2
Нестеров Ким Анисимович,1985-10-26,Петухова Регина Ждановна,1989-12-19,2012-12-11,8
Артемьев Софон Герасимович,1977-02-28,Фокина София Дмитриевна,1961-07-27,2007-08-15,1
Гущин Леонид Валентинович,1986-11-10,Кошелева Алла Львовна,1976-01-05,2005-01-20,2
Жданов Аркадий Зиновьевич,1979-03-14,Гуляева Евгения Алексеевна,1990-07-06,2015-10-07,7
Костин Ратибор Феоктистович,1971-07-02,Щукина Глафира Мироновна,1987-05-03,2010-11-11,1
Пахомов Тихон Изотович,2000-12-22,Ильина Тамара Олеговна,1994-10-18,2018-02-16,4
Ковалев Николай Тихонович,1985-12-24,Никонова Евдокия Алексеевна,1966-09-22,2017-09-14,5
Михайлов Богдан Елизарович,1969-08-26,Харитонова Акулина Борисовна,1975-07-21,1998-07-27,8
Яковлев Мартын Денисович,1971-02-25,Лазарева Варвара Васильевна,1970-05-26,1992-06-11,1
Якушев Ипатий Гавриилович,1992-07-24,Филиппова Варвара Кирилловна,1981-04-12,2014-10-19,3
Козлов Касьян Тарасович,2000-07-26,Громова Раиса Оскаровна,1976-04-20,2018-03-14,8
Гуляев Викентий Адамович,1967-03-06,Дементьева Валерия Константиновна,1991-09-09,2014-03-05,10
Борисов Стоян Федосеевич,1985-11-18,Крюкова Октябрина Сергеевна,1988-03-15,2013-03-15,10
Абрамов Евдоким Еремеевич,1974-02-27,Гордеева Зоя Игоревна,1981-06-10,2008-03-22,10
Орехов Дмитрий Данилович,1995-09-13,Морозова Ольга Аркадьевна,1974-11-05,2020-03-19,7
Лукин Тимур Харлампьевич,1997-03-08,Степанова Майя Николаевна,1972-10-01,2018-02-19,4
Ковалев Бажен Ефстафьевич,1967-04-14,Дьячкова Валентина Ильинична,1985-05-07,2018-05-03,7
Кудряшов Милий Анатольевич,1974-12-22,Анисимова Лора Степановна,1977-12-04,2017-10-27,9
Егоров Евдоким Витальевич,1985-11-26,Шестакова Анжела Вениаминовна,1981-05-01,2005-09-09,9
Воронов Автоном Дмитриевич,1984-07-14,Казакова Мария Феликсовна,1981-10-08,2015-06-14,2
Ковалев Михей Тарасович,1962-04-11,Лазарева Кира Ждановна,1989-10-08,2011-01-13,5
Смирнов Михей Ярославович,1986-04-18,Аксенова Ангелина Рудольфовна,1960-08-10,2020-04-13,5
Евсеев Кир Фадеевич,1996-04-10,Шестакова Екатерина Максимовна,1974-01-09,2016-09-17,3
Гусев Артем Ерофеевич,1978-10-24,Щукина Надежда Константиновна,1970-09-21,2015-05-02,7
Шаров Леонтий Антонович,1977-02-05,Дмитриева Клавдия Викторовна,1971-11-09,2003-01-02,2
Муравьев Рубен Александрович,1966-07-01,Соколова Синклитикия Захаровна,1978-12-25,2008-10-22,2
Самсонов Мина Игнатьевич,1995-12-27,Федосеева София Максимовна,1964-11-25,2017-03-04,5
Савельев Аполлон Дорофеевич,1990-05-01,Ефремова Евгения Юльевна,1966-05-15,2010-11-20,4
Гусев Влас Антонович,1969-09-12,Полякова Лукия Кузьминична,1986-09-21,2013-11-07,8
Чернов Стоян Германович,1990-10-28,Фадеева Юлия Вадимовна,1962-07-01,2011-01-14,7
Суворов Фрол Эдгарович,1989-01-16,Филатова Мария Тимуровна,1995-04-14,2020-12-18,7
Данилов Фортунат Эдгардович,1974-12-14,Овчинникова Марфа Руслановна,1981-11-21,2020-09-07,10
Виноградов Аркадий Демьянович,1991-01-18,Павлова Елизавета Кузьминична,1988-05-15,2009-06-20,8
Лапин Савелий Герасимович,1978-03-05,Бирюкова Алла Яковлевна,1984-01-20,2011-08-24,7
Яковлев Виталий Владиславович,1980-09-28,Медведева Акулина Константиновна,1984-03-21,2005-08-25,4
Александров Михей Алексеевич,1962-05-19,Вишнякова Таисия Николаевна,1986-11-21,2009-08-21,5
Дементьев Александр Гертрудович,1970-10-19,Брагина Олимпиада Вениаминовна,1981-03-01,2006-01-27,1
Власов Доброслав Эдгарович,1965-12-03,Ермакова Нонна Феликсовна,1987-12-04,2005-11-16,9
Фролов Виктор Антонович,1986-11-22,Мясникова Оксана Геннадьевна,1989-08-19,2010-02-20,6
Степанов Парамон Герасимович,1975-05-15,Никифорова Александра Владимировна,1964-04-26,2018-11-13,6
Кононов Ульян Денисович,1983-02-26,Большакова Ульяна Ефимовна,1977-03-16,2009-02-26,4
Калашников Афанасий Харлампьевич,1995-01-10,Мельникова Регина Семеновна,1998-03-03,2018-08-06,6
Фролов Евгений Юльевич,1960-07-14,Владимирова Нинель Оскаровна,1998-07-06,2020-11-24,3
Кузнецов Рюрик Виленович,1993-08-14,Герасимова Галина Вениаминовна,1975-08-21,2011-04-01,4
Горшков Евграф Харлампович,1963-02-06,Баранова Нонна Дмитриевна,2000-12-21,2020-10-22,9
Кононов Владлен Арсеньевич,1997-12-14,Фомичева Полина Тимуровна,1986-04-24,2017-02-08,2
Сафонов Викторин Алексеевич,1965-12-12,Анисимова Елизавета Георгиевна,1965-04-25,1985-05-07,3
Уваров Тимур Харламович,1973-01-24,Галкина Фаина Константиновна,1975-09-18,1997-12-27,4
Кириллов Бронислав Артурович,1969-12-12,Гришина Светлана Михайловна,1987-12-09,2011-04-25,8
Брагин Моисей Васильевич,1981-12-06,Степанова Лукия Наумовна,1989-04-01,2008-01-07,9
Ковалев Леон Данилович,1970-05-10,Волкова Антонина Макаровна,1977-11-20,2009-02-25,2
Ситников Валерий Егорович,1986-09-05,Герасимова Зоя Алексеевна,1967-12-06,2018-11-11,2
Данилов Денис Димитриевич,1992-11-16,Кудрявцева Анна Геннадиевна,1998-06-25,2020-10-03,6
Белозеров Варлаам Владиленович,1993-02-06,Воробьева Тамара Геннадиевна,2000-11-03,2018-05-11,4
Гришин Эрнст Ануфриевич,1970-08-15,Тихонова Вера Владиславовна,1988-07-05,2017-04-02,5
Колобов Борис Харлампович,1974-02-23,Гаврилова Мария Юрьевна,1999-04-16,2017-03-21,4
Тимофеев Флорентин Антипович,1986-04-08,Панова Пелагея Тимофеевна,1964-10-07,2019-02-19,10
Тетерин Адам Феликсович,1996-02-21,Новикова Лариса Оскаровна,1980-11-23,2018-08-13,10
Носков Адриан Викторович,1998-09-24,Наумова Олимпиада Александровна,1973-01-14,2016-04-25,3
Горбунов Михаил Елизарович,2000-07-27,Виноградова Екатерина Сергеевна,1965-10-08,2018-05-09,10
Гусев Влас Ильич,1994-10-11,Кудрявцева Ольга Святославовна,1970-05-11,2012-03-12,3
Нестеров Фирс Юлианович,1964-02-23,Игнатова Валентина Оскаровна,1962-02-07,1987-07-25,8
Евдокимов Феоктист Чеславович,1972-11-19,Уварова Алла Олеговна,1992-10-23,2019-01-14,3
Ершов Аполлон Федосеевич,1970-01-28,Мишина Елизавета Юрьевна,1967-02-15,2020-08-26,2
Беспалов Конон Бенедиктович,1984-04-14,Харитонова Евдокия Ивановна,1996-01-18,2016-06-24,3
Волков Самуил Германович,1997-01-11,Трофимова Марина Святославовна,1971-08-15,2017-12-09,1
Жуков Ким Арсенович,1985-11-18,Носова Агафья Афанасьевна,1993-03-03,2014-09-18,7
Устинов Трифон Юльевич,1966-10-23,Котова Синклитикия Егоровна,1999-04-18,2019-10-21,1
Кулаков Марк Чеславович,1993-10-16,Гусева Прасковья Архиповна,1997-07-12,2017-09-17,8
Федотов Еремей Игнатьевич,1986-02-27,Игнатова Анна Матвеевна,1980-01-17,2007-04-25,5
Михайлов Лука Тимурович,1993-10-03,Романова Агафья Матвеевна,1970-05-18,2012-06-11,3
Федотов Фока Ааронович,1984-03-26,Медведева Елена Федоровна,1960-04-18,2007-11-06,3
Яковлев Ростислав Зиновьевич,1978-06-03,Александрова Лора Рубеновна,1967-08-27,2012-03-11,1
Пахомов Януарий Ануфриевич,1962-09-23,Пахомова Анастасия Богдановна,1966-11-21,2018-09-11,4
Рябов Орест Елизарович,1978-01-15,Коновалова Феврония Филипповна,1974-04-10,2001-04-26,4
Поляков Мирон Егорович,1966-09-01,Корнилова Нонна Захаровна,1976-06-02,2011-10-15,8
Ермаков Виктор Жоресович,1975-01-18,Иванова Элеонора Кузьминична,1973-10-09,2004-10-14,10
Рыбаков Демид Германович,1979-01-20,Александрова Евпраксия Николаевна,1997-07-15,2020-10-20,7
Кононов Борислав Эдуардович,1963-08-18,Орлова Лукия Романовна,1985-06-02,2018-04-10,9
Горбачев Евстигней Ермилович,1998-03-12,Гусева Евпраксия Борисовна,1963-05-19,2020-06-08,4
Шарапов Самуил Трофимович,1981-06-27,Новикова София Егоровна,1962-09-17,2013-10-10,6
Селиверстов Денис Авдеевич,1965-02-28,Гуляева Ирина Филипповна,1980-11-10,2019-06-02,7
Агафонов Евстафий Богданович,1991-04-21,Анисимова Марина Аркадьевна,1999-08-15,2020-01-07,10
Зыков Борислав Демидович,1968-04-25,Дроздова Наина Борисовна,1962-09-14,2004-05-09,7
Копылов Селиверст Геннадиевич,1973-02-23,Самсонова Оксана Руслановна,1991-03-19,2010-02-01,7
Симонов Федосий Гаврилович,1984-02-24,Кузнецова Наталья Даниловна,1984-06-22,2011-05-19,7
Маслов Любим Гаврилович,1976-08-01,Моисеева Мария Никифоровна,1979-01-05,2014-05-21,1
Большаков Никанор Яковлевич,1963-09-10,Ситникова Екатерина Болеславовна,1963-08-24,2002-09-03,3
Афанасьев Кирилл Филатович,1970-05-10,Бобылева Евфросиния Эдуардовна,1972-10-02,2017-06-04,8
Артемьев Мир Григорьевич,1975-03-15,Авдеева Лидия Рудольфовна,1986-06-27,2005-12-15,1
Капустин Влас Иосифович,1980-08-17,Жукова Таисия Владимировна,1979-06-15,1998-05-13,1
Герасимов Любосмысл Иосифович,1979-03-08,Якушева Ангелина Семеновна,1993-01-07,2018-09-08,5
Котов Платон Жанович,1967-12-22,Юдина Майя Вадимовна,1998-02-23,2019-07-11,1
Никонов Варлаам Измаилович,1995-11-01,Сорокина Оксана Рубеновна,1979-02-16,2020-06-13,6
Никифоров Федосий Власович,1984-05-08,Кудряшова Анастасия Романовна,1994-05-21,2012-03-14,4
Зыков Сигизмунд Фролович,1970-02-26,Лазарева Акулина Харитоновна,1971-10-24,1992-01-03,2
